city_name,country,date,lat,lon,max_temp_C,cloud_cover%,humidity%,wind_speed
George Town,MY,1609884235,5.4112,100.3354,25.0,40.0,94.0,3.1
Port Elizabeth,ZA,1609884235,-33.918,25.5701,21.0,58.0,83.0,1.5
Port-Gentil,GA,1609884235,-0.7193,8.7815,28.0,75.0,88.0,4.1
Rabaul,PG,1609884235,-4.1967,152.1721,25.110000000000014,100.0,87.0,0.51
Dingle,PH,1609884236,10.9995,122.6711,23.560000000000002,87.0,91.0,3.43
Arraial do Cabo,BR,1609884236,-22.9661,-42.0278,28.0,40.0,74.0,5.1
Faanui,PF,1609884236,-16.4833,-151.75,27.390000000000043,14.0,75.0,5.8
Lobito,AO,1609884236,-12.3481,13.5456,24.230000000000018,0.0,78.0,2.91
Albany,US,1609884133,42.6001,-73.9662,1.1100000000000136,97.0,81.0,1.3
Hermanus,ZA,1609884237,-34.4187,19.2345,15.560000000000002,2.0,91.0,0.97
Busselton,AU,1609884061,-33.65,115.3333,15.0,20.0,78.0,1.34
Zverinogolovskoye,RU,1609884238,54.4586,64.8542,-19.859999999999985,100.0,90.0,2.74
Samarai,PG,1609884238,-10.6167,150.6667,28.960000000000036,93.0,78.0,4.45
Rikitea,PF,1609884238,-23.1203,-134.9692,25.010000000000048,0.0,76.0,5.84
Ushuaia,AR,1609884239,-54.8,-68.3,14.0,75.0,50.0,6.2
Fairbanks,US,1609884239,64.8378,-147.7164,-17.779999999999973,20.0,76.0,1.0
Namatanai,PG,1609884239,-3.6667,152.4333,24.640000000000043,100.0,90.0,2.51
Puerto Ayora,EC,1609884240,-0.7393,-90.3518,28.0,0.0,58.0,5.1
Catuday,PH,1609884240,16.2923,119.8062,25.180000000000007,1.0,85.0,2.99
Saint George,US,1609884210,37.1041,-113.5841,15.0,1.0,26.0,1.5
Alofi,NU,1609884241,-19.0595,-169.9187,24.0,90.0,94.0,2.1
Qaanaaq,GL,1609884241,77.484,-69.3632,-16.389999999999986,100.0,81.0,2.94
St. George's,GD,1609884242,12.0564,-61.7485,28.0,40.0,74.0,5.1
Bluff,NZ,1609883981,-46.6,168.3333,14.830000000000041,60.0,73.0,2.5
Te Anau,NZ,1609884058,-45.4167,167.7167,13.140000000000043,100.0,93.0,0.13
Jamestown,US,1609884242,42.097,-79.2353,0.5600000000000023,90.0,98.0,2.6
Hilo,US,1609883947,19.7297,-155.09,27.0,1.0,61.0,3.6
Dikson,RU,1609884243,73.5069,80.5464,-8.449999999999989,100.0,96.0,11.64
Tuatapere,NZ,1609884243,-46.1333,167.6833,17.410000000000025,94.0,68.0,1.35
Cape Town,ZA,1609883753,-33.9258,18.4232,20.0,20.0,88.0,7.2
Tynda,RU,1609884244,55.1667,124.7167,-36.99999999999997,76.0,77.0,2.03
Castro,BR,1609884050,-24.7911,-50.0119,19.77000000000004,99.0,93.0,1.37
Arrondissement de Pontivy,FR,1609884244,48.0,-3.0,3.0,90.0,86.0,2.6
Havelock,US,1609884244,34.8791,-76.9013,9.439999999999998,90.0,93.0,2.6
Fortuna,US,1609884245,40.5982,-124.1573,14.439999999999998,75.0,54.0,7.7
Vaini,TO,1609883980,-21.2,-175.2,27.0,75.0,94.0,4.6
Chokurdakh,RU,1609884245,70.6333,147.9167,-24.99999999999997,100.0,90.0,4.72
Mahébourg,MU,1609884245,-20.4081,57.7,25.0,40.0,83.0,2.6
Bambous Virieux,MU,1609884245,-20.3428,57.7575,25.0,40.0,83.0,2.6
Tasiilaq,GL,1609884058,65.6145,-37.6368,-6.0,40.0,48.0,11.3
Trairi,BR,1609884246,-3.2778,-39.2689,26.77000000000004,1.0,76.0,5.13
Chui,UY,1609884246,-33.6971,-53.4616,22.920000000000016,79.0,82.0,7.53
Apold,RO,1609884246,46.1167,24.8167,0.0,71.0,87.0,0.83
Itarema,BR,1609884246,-2.9248,-39.9167,26.950000000000045,0.0,75.0,6.88
Barrow,US,1609884124,71.2906,-156.7887,-27.99999999999997,90.0,75.0,2.6
Takoradze,GH,1609884247,4.8845,-1.7554,26.470000000000027,99.0,86.0,4.18
Haines Junction,CA,1609884247,60.7522,-137.5108,-12.5,100.0,91.0,0.59
La Ronge,CA,1609884248,55.1001,-105.2842,-7.0,100.0,85.0,4.1
Ponta Delgada,PT,1609884248,37.7333,-25.6667,13.0,75.0,82.0,8.7
Sète,FR,1609884248,43.4018,3.6966,2.0,75.0,69.0,2.1
Cherskiy,RU,1609884249,68.75,161.3,-29.049999999999983,100.0,87.0,4.89
Gopālpur,IN,1609884249,19.2667,84.9167,20.129999999999995,12.0,76.0,3.06
Punta Arenas,CL,1609884250,-53.15,-70.9167,16.0,75.0,44.0,11.3
Otavi,NA,1609884250,-19.65,17.3333,21.49000000000001,95.0,70.0,1.64
Joshīmath,IN,1609884250,30.5667,79.5667,7.300000000000011,100.0,58.0,2.26
New Norfolk,AU,1609884250,-42.7826,147.0587,17.78000000000003,59.0,58.0,1.34
Kaohsiung City,TW,1609884127,22.6163,120.3133,18.0,75.0,72.0,2.6
Harper,LR,1609884251,4.375,-7.7169,26.260000000000048,84.0,84.0,4.45
Mataura,NZ,1609884252,-46.1927,168.8643,18.670000000000016,63.0,59.0,1.79
Thompson,CA,1609884096,55.7435,-97.8558,-14.0,90.0,84.0,2.1
Innisfail,AU,1609884252,-17.5333,146.0333,23.33000000000004,100.0,94.0,0.89
Iqaluit,CA,1609884253,63.7506,-68.5145,-14.439999999999998,90.0,84.0,1.5
Faya,SA,1609884253,18.3851,42.4509,14.0,0.0,100.0,1.11
Norman Wells,CA,1609884253,65.282,-126.8329,-27.99999999999997,40.0,75.0,1.5
Upernavik,GL,1609884254,72.7868,-56.1549,-13.560000000000002,100.0,93.0,6.75
Narsaq,GL,1609884254,60.9167,-46.05,-6.0,20.0,57.0,2.79
Pevek,RU,1609884254,69.7008,170.3133,-25.409999999999968,100.0,90.0,3.32
Machilipatnam,IN,1609884254,16.1667,81.1333,23.379999999999995,100.0,88.0,4.34
Mil'kovo,RU,1609884254,54.7167,158.6167,-19.639999999999986,93.0,90.0,0.46
Kapaa,US,1609884255,22.0752,-159.319,26.0,40.0,69.0,6.7
Havre-St-Pierre,CA,1609884255,50.2334,-63.5986,-10.0,1.0,92.0,1.0
Bada,RU,1609884255,51.392,109.8717,-32.39999999999998,100.0,81.0,3.25
Torbay,CA,1609884256,47.6666,-52.7314,2.7800000000000296,90.0,100.0,9.3
Saint-Philippe,RE,1609884221,-21.3585,55.7679,25.0,90.0,73.0,2.6
Orbetello,IT,1609884256,42.4408,11.2196,6.0,40.0,93.0,4.1
Itoman,JP,1609884256,26.1247,127.6694,15.0,75.0,87.0,5.7
Codrington,AU,1609884256,-38.2667,141.9667,14.180000000000007,99.0,76.0,6.19
São João da Barra,BR,1609884257,-21.6403,-41.0511,28.0,0.0,69.0,6.2
Cairns,AU,1609884131,-16.9167,145.7667,28.0,75.0,83.0,2.1
Kanniyākumāri,IN,1609884258,8.0833,77.5667,25.75,100.0,81.0,6.31
Willmar,US,1609884178,45.1219,-95.0433,1.0,1.0,74.0,4.6
Ulladulla,AU,1609884258,-35.35,150.4667,20.560000000000002,75.0,88.0,5.1
Bethel,US,1609884258,41.3712,-73.414,2.2200000000000273,98.0,85.0,1.76
Goundam,ML,1609884259,16.4145,-3.6708,24.04000000000002,27.0,18.0,5.01
Ponta do Sol,PT,1609884259,32.6667,-17.1,18.0,40.0,77.0,1.5
Port Alfred,ZA,1609884259,-33.5906,26.891,21.110000000000014,92.0,90.0,4.03
Carnarvon,AU,1609884260,-24.8667,113.6333,25.0,75.0,69.0,4.1
Shahreza,IR,1609884260,32.0339,51.8794,-0.7399999999999523,0.0,82.0,1.14
Celestún,MX,1609884260,20.8667,-90.4,24.49000000000001,100.0,67.0,7.81
Kajaani,FI,1609884034,64.2273,27.7285,-14.0,90.0,92.0,1.0
Karapyshi,UA,1609884261,49.6424,30.79,0.1400000000000432,100.0,96.0,3.97
Venice,US,1609884147,27.0998,-82.4543,19.0,1.0,68.0,4.1
Bengkulu,ID,1609884111,-3.8004,102.2655,24.24000000000001,69.0,89.0,2.77
Hobart,AU,1609883560,-42.8794,147.3294,17.220000000000027,75.0,67.0,7.7
Zyryanskoye,RU,1609884262,56.8306,86.6258,-30.69999999999999,4.0,87.0,1.14
Forio,IT,1609884262,40.7342,13.8646,12.220000000000027,97.0,81.0,1.34
Ahipara,NZ,1609884263,-35.1667,173.1667,23.30000000000001,92.0,56.0,0.92
Ancud,CL,1609884263,-41.8697,-73.8203,20.0,0.0,52.0,3.6
Cape Canaveral,US,1609884121,28.4058,-80.6048,20.560000000000002,1.0,45.0,6.7
Havøysund,NO,1609884263,70.9963,24.6622,3.0,40.0,81.0,10.3
Yagodnoye,RU,1609884264,62.55,149.6667,-25.529999999999973,100.0,86.0,0.95
Penzance,GB,1609884264,50.1186,-5.5371,3.330000000000041,0.0,80.0,6.7
Mar del Plata,AR,1609884063,-38.0023,-57.5575,20.0,90.0,88.0,7.2
Lianzhou,CN,1609884264,24.7811,112.3825,4.6200000000000045,32.0,79.0,1.18
Clyde River,CA,1609884264,70.4692,-68.5914,-34.99999999999997,5.0,66.0,0.14
La Libertad,EC,1609884265,-2.2333,-80.9,26.0,0.0,69.0,5.1
Paramonga,PE,1609884265,-10.6667,-77.8333,21.170000000000016,95.0,84.0,3.19
Safety Harbor,US,1609884265,27.9909,-82.6932,20.0,0.0,68.0,2.6
Biak,ID,1609884266,-0.9131,122.8766,24.310000000000002,100.0,82.0,1.73
Khartoum,SD,1609884100,15.5518,32.5324,26.0,0.0,16.0,5.7
Esperance,AU,1609884266,-33.8667,121.9,13.0,90.0,71.0,3.1
Homer,US,1609884250,59.6425,-151.5483,2.2200000000000273,20.0,86.0,4.6
Bima,ID,1609884266,-8.4667,118.7167,24.840000000000032,98.0,85.0,0.33
Chāndbāli,IN,1609884267,20.7833,86.7667,18.200000000000045,1.0,63.0,2.4
Saint Paul Harbor,US,1609884093,57.79,-152.4072,4.0,90.0,86.0,11.3
Butaritari,KI,1609884267,3.0707,172.7902,27.55000000000001,22.0,74.0,9.52
Avarua,CK,1609884267,-21.2078,-159.775,29.0,49.0,74.0,6.7
Custoias,PT,1609884268,41.1053,-7.321,0.0,0.0,9.0,0.45
Saskylakh,RU,1609884268,71.9167,114.0833,-18.919999999999987,97.0,90.0,6.55
Shubarshi,KZ,1609884268,48.5872,57.1869,-16.96999999999997,78.0,83.0,2.45
Soc Trang,VN,1609884269,9.6033,105.98,24.0,40.0,100.0,2.81
Flinders,AU,1609884269,-34.5833,150.8552,21.670000000000016,78.0,78.0,1.79
Margate,GB,1609884269,51.3813,1.3862,6.110000000000014,100.0,72.0,0.89
Bud,US,1609884270,39.447,-86.1758,1.1100000000000136,100.0,89.0,2.51
Port Keats,AU,1609884270,-14.25,129.55,28.52000000000004,93.0,78.0,1.81
Cabo San Lucas,MX,1609884211,22.8909,-109.9124,23.890000000000043,75.0,46.0,3.6
Aswān,EG,1609884271,24.0934,32.907,17.930000000000007,0.0,29.0,3.92
Ilulissat,GL,1609884099,69.2167,-51.1,-11.0,75.0,72.0,3.6
Bathsheba,BB,1609884272,13.2167,-59.5167,27.0,40.0,65.0,7.2
Kiryat Gat,IL,1609884272,31.61,34.7642,16.670000000000016,0.0,85.0,0.85
Sobolevo,RU,1609884273,54.4299,31.8996,-1.1499999999999773,100.0,95.0,4.33
Perbaungan,ID,1609884273,3.5679,98.956,24.0,40.0,100.0,1.5
Ottawa,CA,1609884000,45.4112,-75.6981,-0.5600000000000023,90.0,86.0,1.5
Washington,US,1609884182,47.5001,-120.5015,2.2200000000000273,90.0,81.0,2.1
Toguchin,RU,1609884274,55.2353,84.3858,-28.20999999999998,0.0,84.0,2.84
Caravelas,BR,1609884274,-17.7125,-39.2481,24.689999999999998,4.0,80.0,2.93
Yellowknife,CA,1609884011,62.456,-114.3525,-22.21999999999997,75.0,76.0,6.7
Nikolskoye,RU,1609884274,59.7035,30.7861,-2.0,90.0,86.0,4.0
Avera,US,1609884275,33.194,-82.5271,16.0,40.0,38.0,5.7
Isangel,VU,1609884277,-19.55,169.2667,28.0,84.0,78.0,6.73
Maragogi,BR,1609884277,-9.0122,-35.2225,25.720000000000027,21.0,71.0,3.27
Brae,GB,1609884277,60.3964,-1.353,6.0,90.0,87.0,4.1
East London,ZA,1609884277,-33.0153,27.9116,21.850000000000023,91.0,83.0,5.45
Tura,IN,1609884278,25.5198,90.2201,16.510000000000048,100.0,52.0,0.92
Znamenskoye,RU,1609884278,57.1281,73.8282,-26.889999999999986,84.0,86.0,1.91
Lebu,CL,1609884279,-37.6167,-73.65,15.189999999999998,0.0,75.0,9.36
Sisimiut,GL,1609884279,66.9395,-53.6735,-10.71999999999997,100.0,94.0,7.48
Christchurch,NZ,1609884168,-43.5333,172.6333,20.0,71.0,72.0,3.6
Bilma,NE,1609884279,18.6853,12.9164,22.400000000000034,0.0,20.0,2.35
Doha,QA,1609884280,25.2867,51.5333,19.0,0.0,77.0,0.5
Toppenish,US,1609884280,46.3774,-120.3087,8.0,90.0,65.0,5.1
Turukhansk,RU,1609884281,65.8167,87.9833,-26.18999999999997,100.0,89.0,3.66
Saint-Augustin,CA,1609884281,51.226,-58.6502,-4.579999999999984,61.0,93.0,5.29
Moyo,UG,1609884281,3.6609,31.7247,24.390000000000043,53.0,45.0,1.27
Ribeira Grande,PT,1609884281,38.5167,-28.7,14.0,75.0,93.0,12.3
Cap Malheureux,MU,1609884282,-19.9842,57.6142,23.33000000000004,14.0,87.0,1.34
Airai,TL,1609884282,-8.9266,125.4092,16.75,100.0,100.0,0.39
Sawang Daen Din,TH,1609884282,17.4753,103.4575,16.670000000000016,39.0,86.0,2.98
Belison,PH,1609884283,10.8384,121.9605,24.82000000000005,92.0,80.0,2.76
Sungai Penuh,ID,1609884283,-2.0833,101.3833,17.360000000000014,95.0,93.0,1.65
Saldanha,ZA,1609884283,-33.0117,17.9442,18.0,0.0,82.0,4.6
Port Hedland,AU,1609884283,-20.3167,118.5667,26.0,90.0,54.0,6.7
Navoiy,UZ,1609884257,40.0844,65.3792,-7.0,90.0,92.0,2.1
Shorap’ani,GE,1609884284,42.0898,43.0866,12.0,0.0,18.0,10.8
Mandlā,IN,1609884284,22.6,80.3833,18.29000000000002,73.0,48.0,1.1
Cayenne,GF,1609884284,4.9333,-52.3333,27.0,0.0,83.0,2.1
Aripuanã,BR,1609884284,-9.1667,-60.6333,25.970000000000027,53.0,90.0,1.07
Temba,ZA,1609884284,-25.3803,28.2631,23.33000000000004,75.0,83.0,1.0
Ves'yegonsk,RU,1609884285,58.664,37.2604,-6.229999999999961,100.0,98.0,1.39
Chilca,PE,1609884285,-12.5211,-76.7372,23.33000000000004,0.0,78.0,4.6
Nsanje,MW,1609884285,-16.92,35.262,25.07000000000005,0.0,77.0,0.93
Rocky Mountain House,CA,1609884274,52.3668,-114.9188,0.0,29.0,93.0,3.1
Hambantota,LK,1609884285,6.1241,81.1185,23.0,0.0,100.0,1.5
Pacific Grove,US,1609884286,36.6177,-121.9166,16.0,1.0,55.0,1.5
Husavik,IS,1609884286,66.0449,-17.3389,0.0,20.0,92.0,3.06
Kelo,TD,1609884286,9.3086,15.8066,24.54000000000002,0.0,19.0,1.16
Paraíso,CR,1609884286,9.8383,-83.8656,23.0,20.0,64.0,8.2
Bay Roberts,CA,1609884287,47.5999,-53.2648,2.7800000000000296,90.0,100.0,9.3
Águilas,ES,1609884287,37.4063,-1.5829,7.78000000000003,100.0,62.0,1.34
Hong Kong,HK,1609884287,22.2855,114.1577,16.670000000000016,66.0,72.0,0.89
Marsá Maţrūḩ,EG,1609884288,31.3525,27.2453,17.0,75.0,77.0,3.6
Yārāda,IN,1609884288,17.65,83.2667,23.0,29.0,88.0,1.0
Port Lincoln,AU,1609884288,-34.7333,135.8667,15.640000000000043,100.0,68.0,7.47
Malanje,AO,1609884289,-9.5402,16.341,17.610000000000014,0.0,96.0,1.4
Grindavik,IS,1609884289,63.8424,-22.4338,1.0,75.0,86.0,5.7
Bemidji,US,1609884142,47.4736,-94.8803,-0.5600000000000023,1.0,68.0,3.1
Bandarbeyla,SO,1609884290,9.4942,50.8122,22.80000000000001,1.0,68.0,8.26
Amazar,RU,1609884290,53.858,120.875,-31.44999999999999,49.0,79.0,1.98
Valdivia,CL,1609884150,-39.8142,-73.2459,28.0,0.0,39.0,4.1
Karratha,AU,1609884291,-20.7377,116.8463,28.220000000000027,44.0,42.0,9.72
Constitución,CL,1609884291,-35.3333,-72.4167,17.49000000000001,4.0,61.0,6.44
Mampong,GH,1609884291,7.0627,-1.4001,24.920000000000016,68.0,77.0,3.52
Half Moon Bay,US,1609884292,37.4636,-122.4286,13.330000000000041,1.0,76.0,2.6
Puerto Escondido,MX,1609884292,15.85,-97.0667,26.0,40.0,74.0,1.5
Hasaki,JP,1609884293,35.7333,140.8333,5.0,75.0,86.0,6.2
Pochutla,MX,1609884293,15.7432,-96.4661,30.0,5.0,51.0,4.6
Kovdor,RU,1609884293,67.5662,30.4758,-13.71999999999997,0.0,95.0,2.06
Salalah,OM,1609884082,17.0151,54.0924,23.0,0.0,27.0,3.6
Natal,BR,1609884274,-5.795,-35.2094,27.0,20.0,78.0,4.6
Klaksvík,FO,1609884294,62.2266,-6.589,7.0,100.0,93.0,5.7
Coyhaique,CL,1609884294,-45.5752,-72.0662,25.0,0.0,22.0,4.6
Huarmey,PE,1609884294,-10.0681,-78.1522,22.350000000000023,96.0,79.0,4.1
Treznea,RO,1609884295,47.1,23.1167,5.0,40.0,86.0,0.5
Yanam,IN,1609884295,16.7333,82.2167,23.170000000000016,96.0,82.0,2.74
Santa Cruz de La Palma,ES,1609884296,28.6835,-17.7642,20.0,90.0,77.0,1.5
Nouadhibou,MR,1609884296,20.931,-17.0347,20.0,100.0,82.0,5.1
Longyearbyen,SJ,1609884290,78.2186,15.6401,-6.0,90.0,73.0,6.2
Los Llanos de Aridane,ES,1609884296,28.6585,-17.9182,20.0,90.0,77.0,1.5
Geraldton,AU,1609884273,-28.7667,114.6,25.0,26.0,23.0,9.3
Nome,US,1609884297,64.5011,-165.4064,-15.0,90.0,77.0,1.5
Beringovskiy,RU,1609884297,63.05,179.3167,-21.809999999999974,100.0,85.0,5.58
Belmonte,BR,1609884298,-15.8631,-38.8828,26.0,40.0,74.0,3.6
Paraná,AR,1609884298,-31.732,-60.5238,30.560000000000002,94.0,42.0,4.92
Quatre Cocos,MU,1609884299,-20.2078,57.7625,25.0,40.0,83.0,2.6
Casino,AU,1609884300,-28.8667,153.05,25.0,43.0,78.0,1.5
Pangkalanbuun,ID,1609884300,-2.6833,111.6167,23.160000000000025,98.0,98.0,0.96
Tuktoyaktuk,CA,1609884060,69.4541,-133.0374,-26.99999999999997,75.0,75.0,1.5
Atuona,PF,1609884300,-9.8,-139.0333,25.170000000000016,25.0,77.0,7.16
Belyy Yar,RU,1609884301,53.6039,91.3903,-32.99999999999997,27.0,74.0,1.03
Adrar,MR,1609884301,20.5022,-10.0711,20.54000000000002,100.0,35.0,1.24
Aklavik,CA,1609884302,68.2191,-135.0107,-26.99999999999997,100.0,75.0,1.65
Kushiro,JP,1609884302,42.975,144.3747,-9.259999999999991,1.0,88.0,3.07
Merauke,ID,1609884303,-8.4667,140.3333,25.78000000000003,98.0,88.0,4.12
Bay City,US,1609884303,43.5945,-83.8889,2.0,90.0,74.0,3.1
Ormara,PK,1609884049,25.2088,64.6357,17.25,0.0,31.0,6.36
Jacqueville,CI,1609884303,5.2052,-4.4146,28.0,20.0,88.0,1.0
Rimbey,CA,1609884133,52.6334,-114.2353,0.0,5.0,93.0,3.1
Leningradskiy,RU,1609884304,69.3833,178.4167,-23.139999999999986,100.0,87.0,6.3
Camacha,PT,1609884304,33.0833,-16.3333,17.0,20.0,88.0,3.1
Kudahuvadhoo,MV,1609884304,2.6708,72.8944,27.27000000000004,100.0,82.0,7.14
Wewak,PG,1609884304,-3.5534,143.6268,27.910000000000025,100.0,76.0,2.16
Khanbari,NP,1609884305,27.3747,87.2039,13.650000000000034,90.0,53.0,1.31
Dolores,AR,1609884074,-36.3132,-57.6792,20.33000000000004,100.0,91.0,5.77
Ampanihy,MG,1609884305,-24.7,44.75,23.29000000000002,1.0,84.0,2.95
Alta Floresta,BR,1609884050,-9.8756,-56.0861,24.75,100.0,92.0,0.77
Nebolchi,RU,1609884306,59.1239,33.3454,-4.339999999999975,98.0,98.0,1.35
Quelimane,MZ,1609884306,-17.8786,36.8883,28.0,20.0,78.0,3.1
Kaitangata,NZ,1609884306,-46.2817,169.8464,16.110000000000014,4.0,76.0,3.58
Quesnel,CA,1609884306,52.9999,-122.5029,2.0,75.0,69.0,6.7
Severo-Kuril'sk,RU,1609884306,50.6789,156.125,-9.109999999999957,84.0,88.0,1.79
Yarmouth,US,1609884306,41.7057,-70.2286,3.890000000000043,90.0,93.0,9.3
Lazi,UA,1609884307,48.0667,24.2333,2.840000000000032,100.0,83.0,1.65
Lima,PE,1609884198,-12.0432,-77.0282,23.33000000000004,0.0,78.0,4.6
Hithadhoo,MV,1609884308,-0.6,73.0833,28.02000000000004,62.0,78.0,7.12
Muroto-misakicho,JP,1609884308,33.2833,134.15,7.480000000000018,92.0,58.0,5.88
Presidente Olegário,BR,1609884100,-18.4178,-46.4181,23.890000000000043,62.0,26.0,1.09
Pangnirtung,CA,1609884309,66.1451,-65.7125,-15.0,90.0,77.0,2.6
Shimoda,JP,1609884196,34.6667,138.95,3.890000000000043,100.0,70.0,0.89
Fernandina Beach,US,1609884094,30.6697,-81.4626,18.0,1.0,36.0,4.1
Batemans Bay,AU,1609884309,-35.7167,150.1833,20.560000000000002,21.0,97.0,1.34
Sur,OM,1609884310,22.5667,59.5289,19.05000000000001,0.0,43.0,3.71
Khovd,MN,1609884310,48.0056,91.6419,-22.92999999999998,0.0,69.0,1.3
Tambopata,PE,1609884310,-12.7333,-69.1833,29.0,75.0,79.0,2.1
Kavieng,PG,1609884311,-2.5744,150.7967,27.29000000000002,100.0,80.0,3.66
Roquetas de Mar,ES,1609884311,36.7642,-2.6148,11.0,75.0,50.0,2.6
Tiksi,RU,1609884311,71.6872,128.8694,-30.69999999999999,100.0,85.0,6.09
Béoumi,CI,1609884312,7.6736,-5.5764,27.0,7.0,69.0,2.1
Belaya Gora,RU,1609884312,68.5333,146.4167,-32.25999999999999,16.0,84.0,3.24
Chake Chake,TZ,1609884312,-5.2459,39.7666,25.410000000000025,0.0,83.0,4.42
Provideniya,RU,1609884312,64.3833,-173.3,-19.049999999999983,0.0,83.0,4.08
Shingū,JP,1609884313,33.7333,135.9833,4.470000000000027,99.0,75.0,2.46
Bredasdorp,ZA,1609884313,-34.5322,20.0403,15.0,1.0,82.0,1.5
Tignère,CM,1609884313,7.3667,12.65,20.480000000000018,0.0,24.0,1.02
Lagoa,PT,1609884314,39.05,-27.9833,14.629999999999995,100.0,80.0,18.5
Pakse,LA,1609884314,15.1167,105.7833,19.49000000000001,0.0,84.0,1.08
Souillac,MU,1609884263,-20.5167,57.5167,25.0,40.0,83.0,2.6
Jiangyou,CN,1609884314,31.7667,104.7167,3.6200000000000045,100.0,68.0,0.87
Caucayá,CO,1609884314,-0.1934,-74.7819,30.79000000000002,76.0,51.0,1.41
Chumikan,RU,1609884314,54.7183,135.315,-30.119999999999976,36.0,77.0,7.81
San Vicente,AR,1609884315,-26.6167,-54.1333,19.370000000000005,100.0,100.0,0.89
Florø,NO,1609884315,61.5996,5.0328,-1.0,0.0,74.0,3.6
Palmer,US,1609884315,42.1584,-72.3287,3.0,90.0,64.0,5.1
Tahe,CN,1609884315,52.3333,124.7333,-31.44999999999999,24.0,80.0,1.87
Moose Factory,CA,1609884316,51.2585,-80.6094,-4.0,90.0,92.0,3.1
Mahanoro,MG,1609884316,-19.9,48.8,23.600000000000023,6.0,86.0,1.01
Babynino,RU,1609884061,54.39,35.73,-4.0,100.0,92.0,4.0
Coquimbo,CL,1609884317,-29.9533,-71.3436,18.0,40.0,68.0,5.7
Vanimo,PG,1609884317,-2.6741,141.3028,26.180000000000007,100.0,85.0,2.53
Nemuro,JP,1609884164,43.3236,145.575,-6.46999999999997,38.0,84.0,4.3
Grand Gaube,MU,1609884317,-20.0064,57.6608,23.33000000000004,17.0,87.0,1.34
Whitianga,NZ,1609884318,-36.8333,175.7,23.05000000000001,0.0,54.0,0.61
Bismarck,US,1609884233,46.8083,-100.7837,4.0,90.0,60.0,3.6
Nizhniy Mamon,RU,1609884318,50.1937,40.5083,-4.479999999999961,100.0,95.0,5.55
Alveringem,BE,1609884319,50.9793,2.6775,3.330000000000041,100.0,93.0,4.6
Kuopio,FI,1609884024,62.8924,27.677,-11.0,75.0,85.0,1.5
Auki,SB,1609884319,-8.7676,160.7034,28.99000000000001,99.0,62.0,1.48
Omsukchan,RU,1609884320,62.5333,155.8,-34.889999999999986,99.0,81.0,1.72
Acapulco de Juárez,MX,1609884211,16.8634,-99.8901,29.0,20.0,74.0,4.6
Verkhnevilyuysk,RU,1609884320,63.4453,120.3167,-32.819999999999965,100.0,84.0,2.54
Chiang Klang,TH,1609884320,19.2938,100.8617,18.560000000000002,46.0,77.0,0.46
Saint-Pierre,RE,1609884321,-21.3393,55.4781,25.0,90.0,73.0,2.6
Mount Isa,AU,1609884321,-20.7333,139.5,27.0,90.0,32.0,5.7
Gamba,GA,1609884322,-2.65,10.0,25.57000000000005,99.0,90.0,3.97
Zhigansk,RU,1609884038,66.7697,123.3711,-39.52999999999997,100.0,80.0,4.93
Evensk,RU,1609884322,61.95,159.2333,-25.079999999999984,8.0,78.0,3.56
Nanortalik,GL,1609884195,60.1432,-45.2371,-3.3100000000000023,0.0,90.0,2.69
Bela Vista,BR,1609884323,-22.1089,-56.5211,26.930000000000007,65.0,79.0,1.57
Sumbe,AO,1609884323,-11.2061,13.8437,24.29000000000002,0.0,85.0,3.7
Barão de Melgaço,BR,1609884323,-16.1944,-55.9675,31.0,40.0,52.0,3.6
Port Macquarie,AU,1609884324,-31.4333,152.9167,25.560000000000002,4.0,71.0,0.45
Kruisfontein,ZA,1609884324,-34.0033,24.7314,20.560000000000002,57.0,86.0,2.11
Kimberley,ZA,1609884324,-28.7323,24.7623,18.0,44.0,93.0,6.7
Inhambane,MZ,1609884324,-23.865,35.3833,25.75,42.0,82.0,3.44
Mezen',RU,1609884324,65.8522,44.24,-14.949999999999989,84.0,95.0,2.12
Sławno,PL,1609884325,54.3628,16.6789,3.5300000000000296,100.0,95.0,5.96
Bayan,CN,1609884325,46.0833,127.4,-24.269999999999982,100.0,90.0,1.32
Arkhangelsk,RU,1609884149,64.5401,40.5433,-8.0,90.0,92.0,1.0
Lompoc,US,1609884325,34.6391,-120.4579,20.0,1.0,48.0,4.6
Fare,PF,1609884325,-16.7,-151.0167,27.470000000000027,64.0,71.0,4.8
Batagay,RU,1609884325,67.6333,134.6333,-38.39999999999998,1.0,79.0,1.7
Vila Franca do Campo,PT,1609884326,37.7167,-25.4333,13.0,75.0,82.0,8.7
Comodoro Rivadavia,AR,1609884326,-45.8667,-67.5,23.0,0.0,40.0,11.8
Kapit,MY,1609884326,2.0167,112.9333,21.980000000000018,79.0,95.0,0.37
Lüderitz,NA,1609884326,-26.6481,15.1594,20.0,61.0,82.0,6.2
Juneau,US,1609884062,58.3019,-134.4197,5.0,90.0,65.0,6.7
Dunedin,NZ,1609884327,-45.8742,170.5036,16.220000000000027,0.0,75.0,5.22
Sabang,ID,1609884327,5.8933,95.3214,27.75,86.0,79.0,8.76
Maumere,ID,1609884328,-8.6199,122.2111,26.439999999999998,100.0,80.0,1.55
Vanavara,RU,1609884329,60.34,102.2797,-24.559999999999974,100.0,89.0,2.23
Viedma,AR,1609884330,-40.8135,-62.9967,22.220000000000027,59.0,58.0,6.55
Bundaberg,AU,1609884330,-24.85,152.35,29.439999999999998,69.0,88.0,2.1
Napier City,NZ,1609884330,-39.4833,176.9167,21.160000000000025,100.0,54.0,1.3
Piaçabuçu,BR,1609884331,-10.4056,-36.4344,25.32000000000005,0.0,78.0,3.77
Marystown,CA,1609884331,47.1666,-55.1483,2.930000000000007,100.0,88.0,7.47
Port Hardy,CA,1609884331,50.6996,-127.4199,5.0,90.0,93.0,14.4
Taltal,CL,1609884332,-25.4,-70.4833,20.75,19.0,65.0,3.23
Portsmouth,GB,1609884222,50.799,-1.0913,4.439999999999998,100.0,86.0,0.45
Atar,MR,1609884332,20.5169,-13.0499,21.620000000000005,100.0,37.0,0.92
Uetersen,DE,1609884333,53.6833,9.6667,3.330000000000041,100.0,86.0,5.1
Paita,PE,1609884333,-5.0892,-81.1144,22.02000000000004,5.0,74.0,6.5
Khatanga,RU,1609884333,71.9667,102.5,-18.21999999999997,100.0,93.0,9.78
Srednekolymsk,RU,1609884333,67.45,153.6833,-31.42999999999998,89.0,86.0,5.34
Pozo Colorado,PY,1609884288,-23.4923,-58.7972,30.24000000000001,21.0,57.0,2.85
Sørland,NO,1609884335,67.667,12.6934,6.560000000000002,100.0,88.0,8.33
Guerrero Negro,MX,1609884336,27.9769,-114.0611,21.010000000000048,84.0,42.0,4.38
Aasiaat,GL,1609884336,68.7098,-52.8699,-12.899999999999977,100.0,90.0,4.48
Kumul,CN,1609884336,42.8,93.45,-13.42999999999995,14.0,67.0,1.29
Hernani,ES,1609884336,43.2662,-1.9762,3.890000000000043,90.0,74.0,1.5
Kirakira,SB,1609884337,-10.4544,161.9205,29.640000000000043,75.0,62.0,2.54
Calabozo,VE,1609884337,8.9242,-67.4293,30.78000000000003,54.0,37.0,1.85
Río Tercero,AR,1609884337,-32.173,-64.1141,22.220000000000027,10.0,63.0,3.58
Ugoofaaru,MV,1609884338,5.6667,73.0,27.810000000000002,100.0,77.0,6.58
Verkhnedneprovskiy,RU,1609884338,54.9813,33.3457,-2.7399999999999523,100.0,98.0,3.3
Jijiga,ET,1609884338,9.35,42.8,14.07000000000005,0.0,58.0,4.34
Safaga,EG,1609884338,26.7292,33.9365,18.0,0.0,52.0,6.2
Aquiraz,BR,1609884271,-3.9014,-38.3911,27.0,0.0,78.0,3.1
Nabire,ID,1609884339,-3.3667,135.4833,25.27000000000004,100.0,86.0,1.28
Shubarkuduk,KZ,1609884339,49.1447,56.4872,-16.579999999999984,48.0,83.0,3.04
Westport,US,1609884340,41.1415,-73.3579,5.0,90.0,60.0,4.1
Basco,PH,1609884340,20.4487,121.9702,23.28000000000003,100.0,82.0,12.05
Karatuzskoye,RU,1609884340,53.6072,92.8667,-31.45999999999998,17.0,83.0,0.94
Saint-Joseph,RE,1609884341,-21.3667,55.6167,25.0,90.0,73.0,2.6
Nara,JP,1609884341,34.6851,135.8049,5.0,75.0,75.0,1.5
Mareeba,AU,1609884341,-17.0,145.4333,26.670000000000016,100.0,93.0,2.68
Santa Catarina de Tepehuanes,MX,1609884342,25.35,-105.7333,20.110000000000014,100.0,21.0,5.93
Kavaratti,IN,1609884342,10.5669,72.642,27.840000000000032,99.0,75.0,3.15
Mpigi,UG,1609884342,0.225,32.3136,23.0,20.0,83.0,4.1
Maxixe,MZ,1609884343,-23.8597,35.3472,25.24000000000001,42.0,83.0,2.97
Kachug,RU,1609884343,53.9606,105.8817,-31.789999999999964,100.0,83.0,0.7
Maningrida,AU,1609884343,-12.0667,134.2667,27.05000000000001,100.0,78.0,1.78
Tooele,US,1609884343,40.5308,-112.2983,6.0,90.0,56.0,4.1
La Grande,US,1609884344,45.3246,-118.0877,5.560000000000002,1.0,56.0,6.2
Bertinoro,IT,1609884344,44.1469,12.1389,3.890000000000043,0.0,83.0,1.0
Ingham,US,1609884344,42.6,-84.3833,0.5600000000000023,90.0,98.0,2.6
Gejiu,CN,1609884344,23.306,103.1635,5.28000000000003,62.0,100.0,2.08
Miles City,US,1609884344,46.4083,-105.8406,9.0,20.0,34.0,13.4
Gizo Government Station,SB,1609884345,-8.103,156.8419,29.220000000000027,93.0,67.0,3.63
Casablanca,MA,1609883749,33.5928,-7.6192,15.0,75.0,100.0,8.7
Ţahţā,EG,1609884345,26.7693,31.5021,14.0,0.0,76.0,2.6
Zhemtala,RU,1609884346,43.2841,43.6559,-1.0,90.0,86.0,3.0
Touros,BR,1609884346,-5.1989,-35.4608,26.0,20.0,78.0,4.6
Great Yarmouth,GB,1609884346,52.6083,1.7305,5.0,100.0,80.0,6.2
Meulaboh,ID,1609884346,4.1363,96.1285,25.210000000000036,84.0,85.0,1.83
Waipawa,NZ,1609884346,-41.4122,175.5153,19.439999999999998,100.0,88.0,4.1
Crépy-en-Valois,FR,1609884347,49.2336,2.8881,2.2200000000000273,75.0,97.0,3.1
Baturaja,ID,1609884347,-4.1333,104.1667,23.120000000000005,98.0,94.0,0.66
Praia,CV,1609884347,14.9215,-23.5087,25.0,0.0,50.0,6.2
Vila Velha,BR,1609884347,-20.3297,-40.2925,27.0,20.0,74.0,8.7
Cartagena del Chairá,CO,1609884202,1.3349,-74.8429,29.52000000000004,88.0,55.0,1.19
Bugasong,PH,1609884348,11.0439,122.0659,25.660000000000025,89.0,75.0,3.16
Oktyabr'skoye,RU,1609884348,43.0645,44.7417,-3.0,5.0,100.0,2.0
Iringa,TZ,1609884349,-7.7667,35.7,20.0,40.0,88.0,5.1
Honningsvåg,NO,1609884349,70.9821,25.9704,2.0,40.0,86.0,10.3
Kahului,US,1609884300,20.8947,-156.47,28.0,40.0,54.0,7.2
Lincoln,US,1609884350,40.8,-96.667,8.0,1.0,45.0,7.7
Kissidougou,GN,1609884351,9.1848,-10.0999,23.960000000000036,23.0,28.0,0.67
Aksarka,RU,1609884351,66.5606,67.7975,-25.329999999999984,64.0,88.0,7.32
Semey,KZ,1609884352,50.4111,80.2275,-33.51999999999998,77.0,84.0,1.54
Nogliki,RU,1609884352,51.8333,143.1667,-21.559999999999974,100.0,90.0,7.16
Yar-Sale,RU,1609884352,66.8333,70.8333,-25.289999999999964,27.0,88.0,6.22
Charters Towers,AU,1609884353,-20.1,146.2667,23.920000000000016,100.0,89.0,5.93
Cuiluan,CN,1609884353,47.72,128.648,-24.079999999999984,100.0,88.0,0.3
Morant Bay,JM,1609884353,17.8815,-76.4093,28.0,75.0,69.0,8.7
Alice Springs,AU,1609884354,-23.7,133.8833,21.0,53.0,43.0,6.7
Sabha,LY,1609884354,27.0377,14.4283,15.430000000000007,99.0,48.0,5.37
Puerto Cabezas,NI,1609884354,14.0351,-83.3888,25.410000000000025,22.0,81.0,4.95
Rawson,AR,1609884354,-43.3002,-65.1023,21.710000000000036,0.0,37.0,8.55
Mackenzie,CA,1609884355,55.2999,-123.1698,-2.0,90.0,92.0,5.1
Rey Bouba,CM,1609884355,8.6724,14.1786,24.660000000000025,0.0,18.0,0.61
Mount Gambier,AU,1609884355,-37.8333,140.7667,14.0,90.0,71.0,6.2
San Quintín,MX,1609884356,30.4833,-115.95,18.890000000000043,0.0,54.0,4.57
Vestmannaeyjar,IS,1609884356,63.4427,-20.2734,3.740000000000009,100.0,76.0,7.79
Mahibadhoo,MV,1609884356,3.7833,72.9667,27.600000000000023,100.0,76.0,3.57
Cockburn Town,TC,1609884356,21.4612,-71.1419,24.99000000000001,0.0,54.0,0.81
Abéché,TD,1609884356,13.8292,20.8324,24.340000000000032,0.0,17.0,6.82
Wanning,CN,1609884357,18.8003,110.3967,19.27000000000004,100.0,75.0,3.7
Katherine,AU,1609884357,-14.4667,132.2667,27.0,62.0,78.0,1.6
Ushtobe,KZ,1609884357,45.2514,77.9838,-18.70999999999998,100.0,88.0,1.84
Lata,PT,1609884358,40.1629,-8.3327,5.560000000000002,0.0,86.0,1.0
Alta Gracia,AR,1609884358,-31.6529,-64.4283,25.560000000000002,44.0,45.0,1.34
Kashgar,CN,1609884359,39.4547,75.9797,-10.0,90.0,85.0,0.28
Krasne,UA,1609884359,49.9145,24.6134,2.0,90.0,93.0,2.0
Malbork,PL,1609884359,54.0359,19.0266,0.0,100.0,100.0,5.09
Morros,BR,1609884360,-9.4467,-46.3003,26.760000000000048,3.0,52.0,1.2
Maïné Soroa,NE,1609884360,13.2114,12.0241,25.430000000000007,3.0,17.0,3.58
Weihe,CN,1609884361,32.9952,105.3247,-2.579999999999984,95.0,83.0,1.28
Chifeng,CN,1609884361,42.2683,118.9636,-24.18999999999997,0.0,75.0,7.31
Ranong,TH,1609884361,9.9658,98.6348,23.83000000000004,53.0,85.0,1.76
Dezful,IR,1609884362,32.3811,48.4058,12.890000000000043,37.0,44.0,0.32
Birūr,IN,1609884362,13.6167,75.9667,19.700000000000045,78.0,92.0,2.95
Cumbum,IN,1609884363,9.7333,77.3,21.189999999999998,91.0,87.0,0.78
Umm Hājar,TD,1609884363,13.2954,19.6966,24.670000000000016,1.0,17.0,4.48
Bondo,CD,1609884363,3.8146,23.6866,21.860000000000014,1.0,65.0,0.57
São José da Coroa Grande,BR,1609884363,-8.8978,-35.1478,25.760000000000048,23.0,71.0,3.39
Umluj,SA,1609884364,25.0213,37.2685,23.620000000000005,0.0,63.0,3.58
Ximeicun,CN,1609884364,24.9639,118.3794,12.0,0.0,71.0,5.0
Neiafu,TO,1609884364,-18.65,-173.9833,28.0,75.0,83.0,7.2
Tete,MZ,1609884364,-16.1564,33.5867,26.0,40.0,94.0,0.46
Saint Anthony,US,1609884200,45.0205,-93.218,1.0,1.0,69.0,1.67
Mountrath,IE,1609884365,52.9989,-7.4728,1.1100000000000136,69.0,93.0,1.34
San Martín,AR,1609884365,-33.081,-68.4681,19.0,75.0,68.0,2.6
Kalmunai,LK,1609884366,7.4167,81.8167,24.870000000000005,97.0,87.0,1.42
Yairipok,IN,1609884366,24.6667,94.0667,10.54000000000002,48.0,84.0,0.32
Kangaba,ML,1609884366,11.9333,-8.4167,25.0,0.0,19.0,1.57
Almeirim,BR,1609884366,-1.5233,-52.5817,29.090000000000032,71.0,59.0,2.95
San Luis,AR,1609884366,-33.295,-66.3356,22.110000000000014,2.0,48.0,6.18
Tautira,PF,1609884366,-17.7333,-149.15,29.0,75.0,66.0,1.5
San Fernando del Valle de Catamarca,AR,1609884367,-28.4696,-65.7852,22.78000000000003,60.0,80.0,1.99
Walvis Bay,NA,1609884367,-22.9575,14.5053,21.0,99.0,83.0,2.1
Río Gallegos,AR,1609884367,-51.6226,-69.2181,20.0,90.0,30.0,3.1
Putyatino,RU,1609884368,54.16,41.1169,-6.96999999999997,100.0,97.0,3.86
Luan,CH,1609884368,46.3592,6.9759,1.0,75.0,69.0,2.1
Yeppoon,AU,1609884368,-23.1333,150.7333,27.0,90.0,83.0,2.1
Pergamino,AR,1609884369,-33.89,-60.5736,25.560000000000002,24.0,62.0,6.26
Baghlan,AF,1609884370,36.1307,68.7083,-3.2299999999999613,0.0,90.0,0.54
Ambilobe,MG,1609884370,-13.2,49.05,23.58000000000004,72.0,89.0,0.9
Palana,RU,1609884371,59.1167,159.9667,-22.839999999999975,76.0,90.0,1.83
Lerwick,GB,1609884371,60.1545,-1.1494,6.0,90.0,87.0,4.1
Kloulklubed,PW,1609884371,7.0419,134.2556,26.0,75.0,88.0,2.6
Kampong Cham,KH,1609884372,11.9934,105.4635,22.33000000000004,78.0,72.0,3.99
Pemangkat,ID,1609884372,1.1667,108.9667,24.689999999999998,85.0,92.0,2.54
Matara,LK,1609884372,5.9485,80.5353,24.0,44.0,89.0,2.5
Khani,GE,1609884373,41.9563,42.9566,12.0,0.0,18.0,10.8
Arlit,NE,1609884373,18.7369,7.3853,26.02000000000004,0.0,17.0,3.9
Ipirá,BR,1609884373,-12.1583,-39.7372,26.25,46.0,60.0,6.71
Yenagoa,NG,1609884373,4.9247,6.2642,25.200000000000045,96.0,90.0,2.77
San Andrés,CO,1609884374,12.5847,-81.7006,29.0,75.0,62.0,3.1
Alyangula,AU,1609884374,-13.8483,136.4192,26.0,75.0,100.0,2.1
Wiarton,CA,1609884374,44.7407,-81.1332,1.1100000000000136,90.0,97.0,1.0
Valparaíso,CL,1609884144,-33.0393,-71.6273,18.890000000000043,0.0,63.0,5.1
Garoowe,SO,1609884375,8.4054,48.4845,19.110000000000014,0.0,59.0,5.71
Nouakchott,MR,1609884355,18.0858,-15.9785,24.0,0.0,47.0,4.6
Marsh Harbour,BS,1609884320,26.5412,-77.0636,21.32000000000005,0.0,54.0,6.68
San Vicente de Chucurí,CO,1609884375,6.881,-73.4098,23.0,20.0,64.0,2.1
Avanigadda,IN,1609884375,16.0215,80.9181,22.670000000000016,100.0,94.0,2.75
Danshui,CN,1609884376,22.7984,114.4672,15.0,88.0,48.0,2.99
Salinópolis,BR,1609884376,-0.6136,-47.3561,27.220000000000027,5.0,76.0,5.41
Sorong,ID,1609884376,-0.8833,131.25,26.180000000000007,77.0,84.0,2.8
Narón,ES,1609884376,43.5167,-8.1528,3.890000000000043,90.0,100.0,0.5
Vakhrushevo,RU,1609884377,55.2317,61.7173,-17.99999999999997,40.0,77.0,4.0
Malumfashi,NG,1609884377,11.7853,7.6218,23.55000000000001,0.0,19.0,3.31
Tallahassee,US,1609884081,30.4383,-84.2807,18.0,1.0,34.0,6.2
Pisco,PE,1609884243,-13.7,-76.2167,25.0,0.0,73.0,8.2
Denpasar,ID,1609884212,-8.65,115.2167,26.0,40.0,94.0,1.0
Ust'-Kut,RU,1609884378,56.7938,105.7672,-28.019999999999982,100.0,85.0,1.73
Pitimbu,BR,1609884378,-7.4706,-34.8086,27.0,20.0,74.0,6.7
Tokur,RU,1609884379,53.1333,132.9,-38.04999999999998,61.0,84.0,0.89
Maceió,BR,1609884081,-9.6658,-35.7353,24.0,0.0,83.0,3.1
Mnogovershinnyy,RU,1609884379,53.9353,139.9242,-28.44999999999999,100.0,89.0,2.39
Kailua,US,1609884379,21.4022,-157.7394,27.0,90.0,73.0,3.6
Hurricane,US,1609884380,37.1753,-113.2899,15.0,1.0,26.0,1.5
Coahuayana Viejo,MX,1609884298,18.7333,-103.6833,28.0,40.0,48.0,5.1
Ostrovnoy,RU,1609884380,68.0531,39.5131,-9.17999999999995,54.0,95.0,10.42
Nowy Dwór Gdański,PL,1609884381,54.2131,19.1177,0.0,90.0,97.0,5.1
Saposoa,PE,1609884381,-6.934,-76.7716,24.0,90.0,94.0,1.0
Mergen,CN,1609884381,49.1833,125.2167,-27.039999999999964,100.0,82.0,2.67
Cardston,CA,1609884332,49.2,-113.3019,5.0,27.0,35.0,4.6
Kenai,US,1609884382,60.5544,-151.2583,-1.669999999999959,1.0,68.0,8.7
Kvam,NO,1609884382,61.6656,9.6898,-8.539999999999964,0.0,66.0,1.53
La Cumbre,AR,1609884382,-30.982,-64.4914,23.890000000000043,75.0,56.0,5.1
Porto Santo,PT,1609884383,33.072,-16.3415,17.0,20.0,88.0,3.1
Bungu,TZ,1609884383,-7.6337,39.0582,22.79000000000002,74.0,96.0,2.38
Konstantinovka,RU,1609884384,49.6167,127.9833,-29.809999999999974,99.0,85.0,2.11
Talnakh,RU,1609884386,69.4865,88.3972,-23.99999999999997,90.0,76.0,10.0
Winchester,GB,1609884147,51.0651,-1.3187,3.330000000000041,94.0,88.0,6.7
Santa Cruz de la Sierra,BO,1609884386,-17.8,-63.1667,22.0,90.0,100.0,3.6
Bayangol,RU,1609884386,50.6977,103.4656,-36.19999999999999,100.0,77.0,1.81
Sandwick,GB,1609884386,60.0,-1.25,6.0,90.0,87.0,4.1
Tiznit Province,MA,1609884387,29.5833,-9.5,13.79000000000002,50.0,86.0,0.94
Atasū,KZ,1609884387,48.6814,71.6433,-18.609999999999985,31.0,84.0,2.77
Uarini,BR,1609884387,-2.99,-65.1083,32.0,20.0,62.0,1.5
Acaraú,BR,1609884387,-2.8856,-40.12,26.970000000000027,4.0,76.0,7.41
Kostino,RU,1609884388,58.9097,53.2691,-14.789999999999964,86.0,95.0,2.59
Cidreira,BR,1609884388,-30.1811,-50.2056,22.350000000000023,100.0,90.0,3.37
Sechura,PE,1609884143,-5.5569,-80.8222,23.730000000000018,70.0,65.0,7.47
Uyemskiy,RU,1609884389,64.4743,40.8524,-8.0,90.0,92.0,1.0
Union,US,1609884302,40.6334,-74.2663,4.439999999999998,90.0,69.0,3.1
Ambovombe,MG,1609884389,-25.1667,46.0833,23.200000000000045,22.0,89.0,1.46
Sitka,US,1609884390,57.0531,-135.33,5.0,90.0,86.0,14.4
Berlevåg,NO,1609884390,70.8578,29.0864,1.0,75.0,80.0,6.2
Baruun-Urt,MN,1609884390,46.6806,113.2792,-37.139999999999986,82.0,76.0,4.21
Namikupa,TZ,1609884391,-10.8333,39.6,22.710000000000036,99.0,95.0,1.95
Batticaloa,LK,1609884391,7.7102,81.6924,25.160000000000025,91.0,86.0,1.41
Zelenoborskiy,RU,1609884391,66.845,32.3622,-11.669999999999959,89.0,96.0,1.15
Buraidah,SA,1609884148,26.326,43.975,14.0,0.0,87.0,2.6
Ketchikan,US,1609884392,55.3422,-131.6461,1.0,90.0,100.0,7.7
Kawalu,ID,1609884392,-7.3817,108.2082,23.120000000000005,98.0,87.0,1.23
Tecpan,GT,1609884392,14.7623,-90.9947,23.33000000000004,75.0,53.0,8.2
Mayya,RU,1609884393,61.7333,130.2811,-46.99999999999997,90.0,55.0,0.85
Bonthe,SL,1609884393,7.5264,-12.505,27.200000000000045,0.0,81.0,4.01
Kayerkan,RU,1609884393,69.3497,87.7602,-23.99999999999997,90.0,76.0,10.0
Aranos,NA,1609884394,-24.1333,19.1167,25.54000000000002,90.0,54.0,0.9
Timizart,DZ,1609884394,36.8,4.2667,6.310000000000002,55.0,67.0,2.92
Camocim,BR,1609884394,-2.9022,-40.8411,27.54000000000002,6.0,73.0,7.76
Zaraza,VE,1609884394,9.3503,-65.3245,25.400000000000034,40.0,62.0,3.62
Wilmington,US,1609884395,34.2257,-77.9447,10.0,90.0,87.0,2.6
Salihorsk,BY,1609884395,52.7876,27.5415,0.29000000000002046,100.0,94.0,5.49
Sergeevka,KZ,1609884395,53.88,67.4158,-23.779999999999973,87.0,87.0,3.79
Lorengau,PG,1609884396,-2.0226,147.2712,29.420000000000016,77.0,73.0,4.08
Valle Hermoso,MX,1609884396,25.6667,-97.8333,28.0,75.0,57.0,4.1
Marang,MY,1609884396,5.2056,103.2059,27.0,40.0,83.0,5.1
Victor Harbor,AU,1609884164,-35.5667,138.6167,15.0,100.0,94.0,1.34
Buala,SB,1609884396,-8.145,159.5921,29.230000000000018,100.0,66.0,3.01
Godalming,GB,1609884397,51.1846,-0.6173,3.330000000000041,100.0,86.0,4.6
San Patricio,US,1609884397,28.017,-97.5169,24.0,40.0,69.0,6.2
Namtsy,RU,1609884397,62.7161,129.6658,-46.99999999999997,90.0,55.0,0.63
Karlskrona,SE,1609884398,56.1616,15.5866,1.0,100.0,86.0,6.2
San Policarpo,PH,1609884398,12.1791,125.5072,26.870000000000005,100.0,82.0,5.83
Eydhafushi,MV,1609884399,5.1033,73.0708,27.54000000000002,100.0,76.0,3.06
Luau,AO,1609884399,-10.7073,22.2247,18.260000000000048,100.0,96.0,0.95
Sarab,IR,1609884400,38.6066,44.9883,-3.2799999999999727,0.0,86.0,0.76
Manuk Mangkaw,PH,1609884400,4.8,119.85,27.189999999999998,100.0,81.0,6.27
Bonavista,CA,1609884400,48.6499,-53.1147,2.2200000000000273,100.0,95.0,4.1
Sumy,UA,1609884401,50.9216,34.8003,-1.1299999999999955,94.0,96.0,3.92
Tocopilla,CL,1609884113,-22.092,-70.1979,21.210000000000036,10.0,59.0,1.52
Karasburg,NA,1609884401,-28.0167,18.75,18.80000000000001,90.0,76.0,5.43
Bambanglipuro,ID,1609884402,-7.95,110.2833,24.420000000000016,90.0,85.0,1.78
Nago,JP,1609884402,26.5881,127.9761,15.0,90.0,93.0,4.6
Kabale,UG,1609884402,-1.2486,29.9899,14.189999999999998,64.0,85.0,0.82
Plettenberg Bay,ZA,1609884403,-34.0527,23.3716,19.33000000000004,87.0,87.0,1.45
Ocós,GT,1609884403,14.5094,-92.1933,31.0,5.0,66.0,4.6
Yulara,AU,1609884403,-25.2406,130.9889,20.0,25.0,42.0,4.1
Issoire,FR,1609884403,45.55,3.25,0.0,90.0,96.0,0.5
Dashitou,CN,1609884404,43.3067,128.5114,-20.73999999999998,100.0,83.0,1.71
Whitecourt,CA,1609884404,54.1502,-115.6855,-3.0,40.0,58.0,1.5
Bratsk,RU,1609884404,56.1325,101.6142,-25.99999999999997,100.0,68.0,4.0
Cajamarca,PE,1609884404,-7.1638,-78.5003,14.0,90.0,67.0,2.1
Tabas,IR,1609884404,33.5959,56.9244,2.0,0.0,43.0,2.1
Yokadouma,CM,1609884405,3.5167,15.05,23.29000000000002,11.0,59.0,0.32
Ericeira,PT,1609884405,38.9627,-9.4156,7.220000000000027,0.0,89.0,2.68
Pierre,US,1609884405,44.3683,-100.351,4.439999999999998,90.0,64.0,1.5
Mwense,ZM,1609884406,-10.3845,28.698,20.160000000000025,100.0,92.0,1.19
Ambunti,PG,1609884406,-4.2365,142.8448,25.590000000000032,100.0,91.0,0.41
Olinda,BR,1609884406,-8.0089,-34.8553,26.0,40.0,69.0,4.6
Córdoba,AR,1609884406,-31.4135,-64.1811,25.560000000000002,75.0,56.0,5.1
Lircay,PE,1609884406,-12.9896,-74.7205,12.090000000000032,98.0,66.0,1.9
Hofn,IS,1609884407,64.2539,-15.2082,3.0200000000000387,100.0,84.0,3.71
Kushmurun,KZ,1609884407,52.4503,64.6311,-20.67999999999998,100.0,87.0,1.48
Quixeramobim,BR,1609884407,-5.1992,-39.2928,29.54000000000002,27.0,37.0,1.06
