city_name,country,date,lat,lon,max_temp_C,max_temp_F,cloud_cover%,humidity%,wind_speed
Ushuaia,AR,1613566144,-54.8,-68.3,9.0,48.2,75.0,87.0,2.57
Pimentel,PE,1613566144,-6.8367,-79.9342,22.220000000000027,71.99600000000005,0.0,83.0,3.09
Atuona,PF,1613566144,-9.8,-139.0333,25.80000000000001,78.44000000000003,43.0,77.0,5.49
Rawson,AR,1613566145,-43.3002,-65.1023,19.930000000000007,67.87400000000002,0.0,52.0,5.46
Jamestown,US,1613566145,42.097,-79.2353,-12.779999999999973,8.996000000000048,90.0,92.0,2.06
Salinas,US,1613565859,36.6777,-121.6555,7.0,44.6,1.0,87.0,2.06
Hermanus,ZA,1613566146,-34.4187,19.2345,23.890000000000043,75.00200000000008,2.0,67.0,2.68
Pevek,RU,1613566146,69.7008,170.3133,-32.27999999999997,-26.10399999999995,14.0,87.0,1.68
Progreso,MX,1613566146,21.2833,-89.6667,20.0,68.0,90.0,100.0,4.12
Katobu,ID,1613566147,-4.9408,122.5276,25.230000000000018,77.41400000000004,8.0,86.0,1.85
Macomer,IT,1613566147,40.262,8.7699,13.890000000000043,57.00200000000008,75.0,71.0,5.14
Saint-Philippe,RE,1613566147,-21.3585,55.7679,27.0,80.6,59.0,78.0,2.72
Port Alfred,ZA,1613566148,-33.5906,26.891,25.0,77.0,0.0,76.0,4.02
Balikpapan,ID,1613565951,-1.2675,116.8289,24.0,75.2,40.0,100.0,1.08
Busselton,AU,1613566148,-33.65,115.3333,18.890000000000043,66.00200000000008,100.0,78.0,0.45
Sitka,US,1613565972,57.0531,-135.33,2.0,35.6,90.0,87.0,2.57
Nuuk,GL,1613566149,64.1835,-51.7216,-13.0,8.599999999999998,20.0,61.0,6.69
Coahuayana Viejo,MX,1613566149,18.7333,-103.6833,15.79000000000002,60.42200000000004,34.0,79.0,1.95
Maceió,BR,1613566149,-9.6658,-35.7353,29.0,84.2,75.0,70.0,5.66
Guerrero Negro,MX,1613566149,27.9769,-114.0611,13.800000000000011,56.84000000000002,39.0,77.0,6.65
Pisco,PE,1613566150,-13.7,-76.2167,21.0,69.80000000000001,0.0,78.0,1.54
Sibu,MY,1613566150,2.3,111.8167,25.0,77.0,20.0,94.0,1.03
Bluff,NZ,1613566150,-46.6,168.3333,9.439999999999998,48.992,58.0,88.0,1.34
Bajil,YE,1613566150,15.0584,43.2851,31.870000000000005,89.36600000000001,0.0,38.0,5.25
Butaritari,KI,1613566150,3.0707,172.7902,27.29000000000002,81.12200000000004,83.0,83.0,9.1
Varkaus,FI,1613566151,62.3153,27.873,-17.779999999999973,-0.0039999999999551505,0.0,65.0,2.06
Rome,US,1613566151,43.2128,-75.4557,-14.439999999999998,6.008000000000003,1.0,78.0,0.94
East London,ZA,1613566151,-33.0153,27.9116,25.0,77.0,0.0,57.0,9.77
Celestún,MX,1613566151,20.8667,-90.4,20.670000000000016,69.20600000000003,12.0,92.0,6.28
Beloha,MG,1613566151,-25.1667,45.05,27.010000000000048,80.61800000000008,100.0,66.0,4.6
Dukat,RU,1613566152,62.55,155.55,-25.70999999999998,-14.277999999999963,100.0,88.0,1.12
Rikitea,PF,1613566152,-23.1203,-134.9692,25.510000000000048,77.91800000000009,8.0,75.0,6.79
Vaini,TO,1613566152,-21.2,-175.2,24.0,75.2,20.0,94.0,1.54
Qaanaaq,GL,1613566152,77.484,-69.3632,-22.23999999999998,-8.031999999999968,80.0,80.0,2.49
Aswān,EG,1613566153,24.0934,32.907,17.52000000000004,63.53600000000007,0.0,26.0,8.76
Albany,US,1613565903,42.6001,-73.9662,-8.889999999999986,15.998000000000022,0.0,59.0,1.34
São João da Barra,BR,1613566153,-21.6403,-41.0511,27.0,80.6,0.0,74.0,3.09
Mataura,NZ,1613566154,-46.1927,168.8643,9.439999999999998,48.992,53.0,88.0,1.34
Dzhebariki-Khaya,RU,1613566154,62.2167,135.8,-35.98999999999998,-32.78199999999997,0.0,83.0,0.43
Galesong,ID,1613566154,-5.3166,119.3661,28.0,82.4,40.0,83.0,1.54
Kiryat Gat,IL,1613565960,31.61,34.7642,10.560000000000002,51.00800000000001,100.0,57.0,2.24
Taiyuan,CN,1613566155,37.8694,112.5603,2.0,35.6,0.0,30.0,1.0
Dikson,RU,1613566155,73.5069,80.5464,-24.169999999999987,-11.505999999999979,100.0,91.0,2.71
Hilo,US,1613565988,19.7297,-155.09,21.0,69.80000000000001,75.0,83.0,2.06
Provideniya,RU,1613566157,64.3833,-173.3,-19.25999999999999,-2.667999999999985,0.0,82.0,6.97
San Quintín,MX,1613566157,30.4833,-115.95,11.840000000000032,53.312000000000054,8.0,86.0,3.78
Bayeux,BR,1613565914,-7.125,-34.9322,30.0,86.0,75.0,66.0,4.63
Along,IN,1613566157,28.1667,94.7667,16.460000000000036,61.62800000000007,25.0,56.0,1.09
Kulhudhuffushi,MV,1613566157,6.6221,73.07,27.49000000000001,81.48200000000003,95.0,66.0,2.01
Yulara,AU,1613566158,-25.2406,130.9889,34.0,93.2,0.0,22.0,3.6
Kostomuksha,RU,1613566158,64.571,30.5767,-17.75999999999999,0.03200000000001424,0.0,91.0,1.68
Alice Springs,AU,1613566158,-23.7,133.8833,31.0,87.80000000000001,26.0,35.0,3.6
Saint Anthony,US,1613566158,45.0205,-93.218,-17.779999999999973,-0.0039999999999551505,75.0,71.0,1.64
Ancud,CL,1613566159,-41.8697,-73.8203,13.890000000000043,57.00200000000008,75.0,87.0,3.6
Esperance,AU,1613566159,-33.8667,121.9,21.0,69.80000000000001,100.0,94.0,3.6
Hobart,AU,1613566038,-42.8794,147.3294,18.0,64.4,0.0,77.0,4.12
Walvis Bay,NA,1613566159,-22.9575,14.5053,21.0,69.80000000000001,0.0,60.0,4.12
Saint Paul Harbor,US,1613566159,57.79,-152.4072,1.0,33.8,1.0,86.0,1.54
Monrovia,LR,1613565880,6.3005,-10.7969,28.879999999999995,83.984,85.0,69.0,3.8
George Town,MY,1613566160,5.4112,100.3354,31.0,87.80000000000001,20.0,58.0,1.03
Karaidel',RU,1613566160,55.8337,56.9069,-21.329999999999984,-6.39399999999997,0.0,90.0,0.79
Tiksi,RU,1613566160,71.6872,128.8694,-32.25999999999999,-26.067999999999984,40.0,86.0,1.37
Nagato,JP,1613566160,34.3833,131.2,0.0,32.0,40.0,74.0,7.72
Osmeña,PH,1613566160,10.5208,119.9258,26.600000000000023,79.88000000000005,16.0,79.0,5.61
Chui,UY,1613566161,-33.6971,-53.4616,21.840000000000032,71.31200000000007,46.0,84.0,4.03
Arraial do Cabo,BR,1613566161,-22.9661,-42.0278,27.0,80.6,75.0,74.0,2.06
Bahía Honda,CU,1613566161,22.9036,-83.1592,23.08000000000004,73.54400000000007,10.0,86.0,3.14
Cap Malheureux,MU,1613566161,-19.9842,57.6142,28.890000000000043,84.00200000000008,100.0,77.0,0.89
Ponta do Sol,PT,1613566162,32.6667,-17.1,21.0,69.80000000000001,20.0,49.0,5.14
Portland,US,1613565921,45.5234,-122.6762,3.890000000000043,39.00200000000008,75.0,87.0,1.54
Belmonte,BR,1613566162,-15.8631,-38.8828,28.0,82.4,75.0,69.0,5.14
Cabo San Lucas,MX,1613566162,22.8909,-109.9124,12.220000000000027,53.99600000000005,31.0,74.0,0.45
New Norfolk,AU,1613566162,-42.7826,147.0587,17.78000000000003,64.00400000000005,0.0,50.0,0.9
Carahue,CL,1613566163,-38.7,-73.1667,12.0,53.6,75.0,87.0,1.54
Berlevåg,NO,1613566163,70.8578,29.0864,-3.0,26.6,75.0,86.0,9.77
Codrington,AU,1613566163,-38.2667,141.9667,21.860000000000014,71.34800000000003,0.0,45.0,5.18
Kirakira,SB,1613566164,-10.4544,161.9205,27.340000000000032,81.21200000000006,100.0,79.0,1.21
Altus,US,1613566164,34.6381,-99.334,-11.0,12.2,90.0,85.0,3.09
Cape Town,ZA,1613565981,-33.9258,18.4232,28.0,82.4,0.0,28.0,4.12
Severo-Kuril'sk,RU,1613566165,50.6789,156.125,-1.9799999999999613,28.43600000000007,89.0,91.0,5.52
Viesca,MX,1613566165,25.35,-102.8,10.689999999999998,51.242,63.0,46.0,2.74
Peniche,PT,1613566165,39.3558,-9.3811,16.670000000000016,62.00600000000003,100.0,77.0,3.13
Kahului,US,1613566166,20.8947,-156.47,21.110000000000014,69.99800000000002,1.0,77.0,1.54
Manggar,ID,1613566166,-2.8833,108.2667,25.930000000000007,78.674,100.0,80.0,4.01
Hong Kong,HK,1613566037,22.2855,114.1577,19.439999999999998,66.99199999999999,25.0,81.0,0.89
Lebu,CL,1613566166,-37.6167,-73.65,13.720000000000027,56.696000000000055,31.0,70.0,0.73
Punta Arenas,CL,1613566142,-53.15,-70.9167,10.0,50.0,75.0,87.0,3.09
Thompson,CA,1613566167,55.7435,-97.8558,-29.99999999999997,-21.99999999999995,1.0,76.0,1.84
Lastoursville,GA,1613566167,-0.8143,12.7287,29.0,84.2,75.0,74.0,0.9
Kendari,ID,1613566076,-3.945,122.4989,26.29000000000002,79.32200000000003,41.0,84.0,0.63
Mount Isa,AU,1613566168,-20.7333,139.5,27.0,80.6,40.0,69.0,2.06
Mahébourg,MU,1613566168,-20.4081,57.7,29.0,84.2,75.0,79.0,1.54
Barra de Tecoanapa,MX,1613566168,16.5167,-98.75,18.730000000000018,65.71400000000003,3.0,82.0,1.8
Baruun-Urt,MN,1613566168,46.6806,113.2792,-17.909999999999968,-0.2379999999999427,0.0,89.0,6.18
Acapulco de Juárez,MX,1613566168,16.8634,-99.8901,19.129999999999995,66.434,100.0,77.0,2.04
Barrow,US,1613566060,71.2906,-156.7887,-27.99999999999997,-18.39999999999995,1.0,76.0,4.12
Khani,GE,1613566169,41.9563,42.9566,2.0,35.6,90.0,100.0,5.66
Yilan,TW,1613566169,24.757,121.753,15.0,59.0,98.0,99.0,2.36
Port Elizabeth,ZA,1613566169,-33.918,25.5701,25.0,77.0,0.0,57.0,8.23
Deputatsky,RU,1613566169,69.3,139.9,-28.21999999999997,-18.79599999999995,100.0,90.0,0.88
Verkhoyansk,RU,1613566169,67.5447,133.385,-33.00999999999999,-27.417999999999985,77.0,83.0,0.82
Byron Bay,AU,1613566170,-28.65,153.6167,21.0,69.80000000000001,75.0,94.0,9.26
Bandi̇̄pur,NP,1613566170,27.9333,84.4167,13.939999999999998,57.092,0.0,45.0,0.84
Smolenka,RU,1613566170,52.1352,113.4974,-17.99999999999997,-0.39999999999994884,100.0,65.0,1.38
Cascais,PT,1613566171,38.6979,-9.4215,15.0,59.0,75.0,82.0,5.66
Kisangani,CD,1613566171,0.5167,25.2,29.0,84.2,75.0,65.0,4.12
Deniliquin,AU,1613566171,-35.5333,144.9667,24.439999999999998,75.99199999999999,0.0,46.0,3.6
Nikolskoye,RU,1613566171,59.7035,30.7861,-13.889999999999986,6.998000000000022,75.0,66.0,3.0
Ulaanbaatar,MN,1613566068,47.9077,106.8832,-16.0,3.1999999999999993,0.0,85.0,2.0
Carnarvon,AU,1613566172,-24.8667,113.6333,25.0,77.0,40.0,94.0,10.29
Sioux Lookout,CA,1613566172,50.1001,-91.917,-31.99999999999997,-25.59999999999995,1.0,75.0,1.03
Pemba,MZ,1613566172,-12.974,40.5178,30.0,86.0,75.0,66.0,7.2
Al Bardīyah,LY,1613566173,31.7561,25.0865,11.75,53.150000000000006,16.0,55.0,12.25
Caravelas,BR,1613566173,-17.7125,-39.2481,31.5,88.7,9.0,53.0,4.75
Puerto Ayora,EC,1613566173,-0.7393,-90.3518,22.78000000000003,73.00400000000005,5.0,97.0,0.89
Kavieng,PG,1613566174,-2.5744,150.7967,28.220000000000027,82.79600000000005,100.0,76.0,4.18
Moerai,PF,1613566174,-22.4333,-151.3333,26.629999999999995,79.934,100.0,73.0,3.94
Palmer,US,1613566174,42.1584,-72.3287,-6.109999999999957,21.002000000000077,1.0,63.0,7.72
Baykit,RU,1613566174,61.67,96.37,-20.639999999999986,-5.15199999999998,100.0,87.0,0.7
La Ronge,CA,1613566175,55.1001,-105.2842,-30.99999999999997,-23.799999999999947,1.0,76.0,1.84
Mahajanga,MG,1613566175,-15.7167,46.3167,31.0,87.80000000000001,20.0,79.0,4.12
Tautira,PF,1613566175,-17.7333,-149.15,25.0,77.0,20.0,83.0,1.03
Nanortalik,GL,1613566176,60.1432,-45.2371,-10.71999999999997,12.704000000000054,0.0,84.0,3.4
Sandnessjøen,NO,1613566176,66.0217,12.6316,-1.0,30.2,0.0,40.0,4.12
Yellowknife,CA,1613565985,62.456,-114.3525,-34.99999999999997,-30.99999999999995,1.0,75.0,2.0
Conceição do Almeida,BR,1613566176,-12.7794,-39.17,32.460000000000036,90.42800000000007,69.0,45.0,2.58
Itiúba,BR,1613566177,-10.6917,-39.8536,27.75,81.95,100.0,62.0,3.3
Boyolangu,ID,1613566177,-8.1181,111.8935,25.090000000000032,77.16200000000006,100.0,81.0,0.78
Katsuura,JP,1613566177,35.1333,140.3,5.560000000000002,42.008,20.0,26.0,6.17
Kropotkin,RU,1613566178,45.4375,40.5756,-6.109999999999957,21.002000000000077,100.0,97.0,5.28
Severodvinsk,RU,1613566178,64.5635,39.8302,-23.99999999999997,-11.199999999999953,0.0,64.0,1.0
Waingapu,ID,1613566179,-9.6567,120.2641,26.210000000000036,79.17800000000007,100.0,83.0,3.22
Mayumba,GA,1613566179,-3.432,10.6554,28.670000000000016,83.60600000000002,80.0,77.0,5.68
Bathsheba,BB,1613566179,13.2167,-59.5167,26.0,78.80000000000001,20.0,57.0,13.89
Nouakchott,MR,1613566179,18.0858,-15.9785,27.0,80.6,73.0,16.0,4.63
Sinnamary,GF,1613566180,5.3833,-52.95,26.110000000000014,78.99800000000002,58.0,74.0,5.35
Zhigansk,RU,1613566180,66.7697,123.3711,-33.76999999999998,-28.785999999999966,8.0,85.0,2.83
Tasiilaq,GL,1613566180,65.6145,-37.6368,-1.0,30.2,75.0,100.0,2.73
Biggar,GB,1613566181,55.6167,-3.5167,8.330000000000041,46.99400000000007,100.0,99.0,9.19
Esim,GH,1613566181,4.8699,-2.2405,29.420000000000016,84.95600000000003,100.0,68.0,4.32
Saskylakh,RU,1613566181,71.9167,114.0833,-33.65999999999997,-28.587999999999944,26.0,82.0,5.2
Moengo,SR,1613566181,5.6167,-54.4,26.02000000000004,78.83600000000007,85.0,73.0,2.48
Okhotsk,RU,1613566181,59.3833,143.3,-21.119999999999976,-6.015999999999956,0.0,82.0,6.29
Sinaloa,MX,1613566157,25.0,-107.5,14.439999999999998,57.992,28.0,86.0,1.02
Auki,SB,1613566182,-8.7676,160.7034,25.879999999999995,78.584,100.0,85.0,1.75
Havre-St-Pierre,CA,1613566182,50.2334,-63.5986,-11.0,12.2,90.0,73.0,5.14
Gushi,CN,1613566182,34.6425,109.5843,9.910000000000025,49.83800000000005,37.0,39.0,0.84
Bereda,ES,1613566183,43.2686,-7.5406,14.439999999999998,57.992,96.0,59.0,8.05
Bosansko Grahovo,BA,1613566183,44.1794,16.3639,8.890000000000043,48.00200000000008,100.0,77.0,0.83
Olavarría,AR,1613566183,-36.8927,-60.3225,20.090000000000032,68.16200000000006,0.0,38.0,4.09
Longyearbyen,SJ,1613566184,78.2186,15.6401,-2.0,28.4,75.0,93.0,2.06
Slănic-Moldova,RO,1613566184,46.2,26.4333,3.330000000000041,37.99400000000007,75.0,64.0,6.17
Salalah,OM,1613566185,17.0151,54.0924,26.0,78.80000000000001,20.0,61.0,5.14
Grand Baie,MU,1613566185,-20.0182,57.5802,28.890000000000043,84.00200000000008,100.0,77.0,0.89
Madison,US,1613566185,34.7334,-86.5667,-7.779999999999973,17.99600000000005,1.0,86.0,3.6
Sabha,LY,1613566185,27.0377,14.4283,14.710000000000036,58.478000000000065,0.0,34.0,2.41
Pontianak,ID,1613566107,-0.0333,109.3333,27.0,80.6,20.0,78.0,2.35
Flin Flon,CA,1613566186,54.7682,-101.865,-31.99999999999997,-25.59999999999995,1.0,75.0,1.29
Tadine,NC,1613566186,-21.55,167.8833,27.0,80.6,100.0,87.0,4.4
Asău,RO,1613566187,46.4333,26.4,3.330000000000041,37.99400000000007,91.0,40.0,1.68
Miandrivazo,MG,1613565990,-19.5167,45.4667,31.75,89.15,100.0,57.0,4.1
Upernavik,GL,1613566187,72.7868,-56.1549,-22.919999999999987,-9.255999999999979,0.0,87.0,1.95
Lima,PE,1613565581,-12.0432,-77.0282,24.439999999999998,75.99199999999999,0.0,88.0,2.06
Tyrma,RU,1613566188,50.0833,132.1667,-13.17999999999995,8.276000000000089,99.0,92.0,1.64
Mwense,ZM,1613566189,-10.3845,28.698,27.33000000000004,81.19400000000007,100.0,70.0,1.85
Ilulissat,GL,1613566189,69.2167,-51.1,-16.0,3.1999999999999993,75.0,60.0,3.6
Norman Wells,CA,1613566190,65.282,-126.8329,-21.99999999999997,-7.599999999999952,75.0,77.0,1.54
Chokurdakh,RU,1613566190,70.6333,147.9167,-27.67999999999998,-17.823999999999963,95.0,88.0,2.09
Erenhot,CN,1613566190,43.6475,111.9767,-13.379999999999995,7.9160000000000075,0.0,86.0,1.87
Ribeira Grande,PT,1613566191,38.5167,-28.7,16.0,60.8,40.0,63.0,11.32
Almaznyy,RU,1613566191,48.0448,40.045,-5.0,23.0,75.0,58.0,5.0
Port Hardy,CA,1613566191,50.6996,-127.4199,5.0,41.0,40.0,93.0,2.57
Dingle,PH,1613566191,10.9995,122.6711,24.04000000000002,75.27200000000005,52.0,85.0,3.62
Henties Bay,NA,1613566191,-22.116,14.2845,20.0,68.0,1.0,78.0,5.69
Tuktoyaktuk,CA,1613566192,69.4541,-133.0374,-32.599999999999966,-26.679999999999943,20.0,86.0,2.86
Khatanga,RU,1613566192,71.9667,102.5,-27.75999999999999,-17.967999999999982,98.0,86.0,5.1
Vila Velha,BR,1613566088,-20.3297,-40.2925,30.0,86.0,40.0,74.0,3.09
Lagoa,PT,1613566192,39.05,-27.9833,14.110000000000014,57.398000000000025,100.0,72.0,12.49
Azul,AR,1613566192,-36.777,-59.8585,20.28000000000003,68.50400000000005,0.0,52.0,4.23
North Bend,US,1613566193,43.4065,-124.2243,6.0,42.8,90.0,93.0,3.09
Otane,NZ,1613566193,-39.8833,176.6333,14.439999999999998,57.992,100.0,76.0,1.34
Avarua,CK,1613566193,-21.2078,-159.775,25.0,77.0,20.0,94.0,0.51
Hasaki,JP,1613566194,35.7333,140.8333,3.0,37.4,20.0,55.0,2.57
Comrat,MD,1613566194,46.3003,28.6572,-0.6200000000000045,30.883999999999993,73.0,83.0,5.09
Valdivia,CL,1613566195,-39.8142,-73.2459,11.0,51.8,0.0,100.0,0.6
Te Anau,NZ,1613566195,-45.4167,167.7167,7.9500000000000455,46.31000000000008,0.0,81.0,0.74
Padang,ID,1613566195,-0.9492,100.3543,28.0,82.4,90.0,69.0,1.54
Lavrentiya,RU,1613566195,65.5833,-171.0,-25.49999999999997,-13.899999999999949,0.0,84.0,4.0
Faranah,GN,1613566196,10.0404,-10.7434,27.75,81.95,90.0,50.0,1.82
Kapaa,US,1613566196,22.0752,-159.319,22.0,71.6,90.0,88.0,5.14
Kyustendil,BG,1613566197,42.2839,22.6911,1.670000000000016,35.00600000000003,71.0,55.0,0.73
Bagn,NO,1613566197,60.8225,9.5521,-2.2199999999999704,28.004000000000055,100.0,81.0,1.4
Petropavlovsk-Kamchatskiy,RU,1613566197,53.0452,158.6483,0.0,32.0,75.0,64.0,5.0
Torbay,CA,1613566197,47.6666,-52.7314,5.0,41.0,90.0,100.0,10.29
Lakatoro,VU,1613566198,-16.0999,167.4164,27.25,81.05000000000001,100.0,80.0,1.89
Altamont,US,1613566198,42.2068,-121.7372,-2.0,28.4,1.0,69.0,6.17
Cockburn Town,TC,1613566028,21.4612,-71.1419,25.52000000000004,77.93600000000006,0.0,73.0,9.71
Nemuro,JP,1613565914,43.3236,145.575,-2.159999999999968,28.11200000000006,100.0,89.0,9.36
Cap-aux-Meules,CA,1613566199,47.3821,-61.8597,-3.0,26.6,100.0,86.0,10.8
Springfield,US,1613565948,37.2153,-93.2982,-10.560000000000002,12.991999999999994,90.0,85.0,4.12
Ostrovnoy,RU,1613566199,68.0531,39.5131,-12.0,10.399999999999999,100.0,89.0,12.73
Namatanai,PG,1613566199,-3.6667,152.4333,26.700000000000045,80.06000000000009,100.0,81.0,2.52
São Filipe,CV,1613566200,14.8961,-24.4956,23.160000000000025,73.68800000000005,73.0,67.0,3.03
Kiunga,PG,1613566200,-6.1219,141.2906,24.02000000000004,75.23600000000008,100.0,95.0,0.75
Manaure,CO,1613566200,11.7751,-72.4445,25.650000000000034,78.17000000000007,88.0,71.0,7.77
Cabañas,CU,1613566200,22.9758,-82.9219,22.0,71.6,75.0,100.0,1.03
Timbó,BR,1613566200,-26.8233,-49.2717,28.33000000000004,82.99400000000009,0.0,60.0,1.63
Smithers,CA,1613566201,54.7804,-127.1743,-12.0,10.399999999999999,75.0,92.0,2.06
Vila Franca do Campo,PT,1613566201,37.7167,-25.4333,16.670000000000016,62.00600000000003,40.0,77.0,8.75
San Patricio,US,1613566201,28.017,-97.5169,1.0,33.8,90.0,100.0,7.72
Bonthe,SL,1613566202,7.5264,-12.505,28.420000000000016,83.15600000000003,100.0,70.0,3.55
Lüderitz,NA,1613566202,-26.6481,15.1594,22.79000000000002,73.02200000000005,0.0,52.0,7.66
Ixtapa,MX,1613566127,20.7,-105.2,19.0,66.2,90.0,88.0,1.54
Aksarayskiy,RU,1613566202,46.7924,48.0119,-10.0,14.0,90.0,79.0,7.0
Chicama,PE,1613566203,-7.8447,-79.1469,22.0,71.6,0.0,83.0,1.54
Loviisa,FI,1613566203,60.4566,26.2251,-14.439999999999998,6.008000000000003,23.0,83.0,2.04
Ambilobe,MG,1613566204,-13.2,49.05,29.370000000000005,84.86600000000001,100.0,75.0,3.21
Florø,NO,1613566205,61.5996,5.0328,5.0,41.0,75.0,52.0,9.26
Nsanje,MW,1613566206,-16.92,35.262,28.83000000000004,83.89400000000008,100.0,76.0,1.58
Piedras Negras,MX,1613566206,28.7,-100.5167,-1.1099999999999568,30.002000000000077,0.0,90.0,1.85
Ola,RU,1613566206,59.5833,151.2833,-18.75999999999999,-1.7679999999999865,22.0,83.0,5.57
Mar del Plata,AR,1613566184,-38.0023,-57.5575,21.670000000000016,71.00600000000003,75.0,94.0,3.6
Rio Grande,BR,1613565993,-32.035,-52.0986,23.33000000000004,73.99400000000009,40.0,73.0,4.63
Faanui,PF,1613566207,-16.4833,-151.75,27.010000000000048,80.61800000000008,100.0,76.0,6.26
Kanelovskaya,RU,1613566208,46.5908,39.19,-4.269999999999982,24.314000000000032,94.0,89.0,3.7
Saldanha,ZA,1613566208,-33.0117,17.9442,25.0,77.0,0.0,75.0,5.14
Kyzyl-Suu,KG,1613566208,42.3414,78.0056,0.7100000000000364,33.27800000000006,0.0,74.0,3.08
Klaksvík,FO,1613566208,62.2266,-6.589,6.0,42.8,20.0,87.0,8.75
Clyde River,CA,1613566208,70.4692,-68.5914,-27.99999999999997,-18.39999999999995,80.0,76.0,0.46
Labuhan,ID,1613566209,-6.8844,112.2051,23.730000000000018,74.71400000000003,100.0,93.0,6.1
Olafsvik,IS,1613566209,64.8945,-23.7142,3.3700000000000045,38.06600000000001,100.0,94.0,5.53
Geraldton,AU,1613566209,-28.7667,114.6,22.0,71.6,75.0,73.0,5.14
Kyotera,UG,1613566209,-0.6156,31.5175,29.890000000000043,85.80200000000008,60.0,39.0,5.25
Tsaratanana,MG,1613566209,-16.7833,47.65,29.910000000000025,85.83800000000005,100.0,62.0,2.21
Teya,RU,1613566209,60.3778,92.6267,-18.539999999999964,-1.371999999999936,99.0,88.0,2.88
Zheleznodorozhnyy,RU,1613566210,55.7503,38.0042,-7.21999999999997,19.004000000000055,40.0,79.0,2.0
Mercedes,AR,1613566210,-34.6515,-59.4307,20.0,68.0,0.0,85.0,2.68
Alcúdia,ES,1613566210,39.8532,3.1214,17.220000000000027,62.99600000000005,20.0,72.0,3.6
Forécariah,GN,1613566210,9.4306,-13.0881,32.0,89.6,47.0,48.0,3.09
Shahe,CN,1613566210,39.2708,113.5478,-1.259999999999991,29.732000000000017,0.0,77.0,2.88
Lompoc,US,1613566049,34.6391,-120.4579,9.0,48.2,1.0,81.0,4.12
Makakilo City,US,1613566211,21.3469,-158.0858,22.0,71.6,1.0,83.0,1.54
Hithadhoo,MV,1613566211,-0.6,73.0833,28.32000000000005,82.97600000000008,19.0,64.0,1.82
Aykhal,RU,1613566211,66.0,111.5,-31.23999999999998,-24.231999999999964,100.0,83.0,2.73
Aklavik,CA,1613566211,68.2191,-135.0107,-31.99999999999997,-25.59999999999995,100.0,83.0,0.51
Avila,ES,1613566211,40.5833,-5.0,14.439999999999998,57.992,100.0,58.0,2.5
Sørkjosen,NO,1613566211,69.8,20.9333,-9.0,15.8,0.0,48.0,5.14
Rucheng,CN,1613566212,32.3883,120.5553,3.330000000000041,37.99400000000007,0.0,59.0,1.7
Mwinilunga,ZM,1613566212,-11.7358,24.4293,24.670000000000016,76.40600000000003,100.0,70.0,1.9
Flinders,AU,1613566212,-34.5833,150.8552,21.110000000000014,69.99800000000002,30.0,76.0,0.89
Cabedelo,BR,1613566212,-6.9811,-34.8339,30.0,86.0,75.0,66.0,4.63
Bambous Virieux,MU,1613566212,-20.3428,57.7575,29.0,84.2,75.0,79.0,1.54
Linares,CL,1613566106,-35.85,-71.6,15.710000000000036,60.27800000000006,3.0,62.0,1.05
Dali,CN,1613566213,25.7,100.1833,10.300000000000011,50.54000000000002,0.0,47.0,2.83
Cayenne,GF,1613566213,4.9333,-52.3333,27.0,80.6,20.0,65.0,5.66
Tuatapere,NZ,1613566214,-46.1333,167.6833,9.439999999999998,48.992,1.0,88.0,0.89
Noumea,NC,1613566038,-22.2763,166.4572,27.78000000000003,82.00400000000005,0.0,94.0,1.03
Coyhaique,CL,1613566048,-45.5752,-72.0662,13.0,55.400000000000006,75.0,62.0,1.54
Kaitangata,NZ,1613566215,-46.2817,169.8464,10.560000000000002,51.00800000000001,95.0,82.0,0.45
Daru,PG,1613566215,-9.0763,143.2092,25.840000000000032,78.51200000000006,100.0,82.0,2.94
San Policarpo,PH,1613566216,12.1791,125.5072,25.82000000000005,78.47600000000008,100.0,83.0,8.37
San Jose,US,1613566216,37.3394,-121.895,6.670000000000016,44.00600000000003,1.0,87.0,2.06
Merauke,ID,1613566216,-8.4667,140.3333,25.930000000000007,78.674,97.0,85.0,4.17
Sinop Province,TR,1613566217,41.7711,34.8709,1.0,33.8,75.0,69.0,9.26
Alexandria,EG,1613566208,31.2156,29.9553,11.0,51.8,40.0,66.0,8.75
Ambulu,ID,1613566217,-8.345,113.6058,25.850000000000023,78.53000000000004,100.0,85.0,3.12
Fort Nelson,CA,1613566217,58.8053,-122.7002,-26.99999999999997,-16.59999999999995,1.0,76.0,1.54
Dunedin,NZ,1613565921,-45.8742,170.5036,10.560000000000002,51.00800000000001,0.0,76.0,0.45
Sunndalsøra,NO,1613566218,62.6754,8.5515,5.0,41.0,0.0,42.0,2.57
Kuala Terengganu,MY,1613565937,5.3302,103.1408,27.0,80.6,20.0,65.0,3.09
Fort Saint James,CA,1613566218,54.4333,-124.25,-14.919999999999959,5.144000000000073,42.0,93.0,1.1
Seoul,KR,1613565642,37.5683,126.9778,-8.0,17.6,20.0,48.0,6.69
Yar-Sale,RU,1613566218,66.8333,70.8333,-32.73999999999998,-26.931999999999967,56.0,83.0,4.66
Sungai Penuh,ID,1613566219,-2.0833,101.3833,19.07000000000005,66.32600000000009,100.0,96.0,0.07
Itaguaí,BR,1613566078,-22.8522,-43.7753,29.0,84.2,0.0,61.0,4.63
Airai,TL,1613566219,-8.9266,125.4092,16.560000000000002,61.80800000000001,100.0,100.0,0.68
Santa Vitória do Palmar,BR,1613566219,-33.5189,-53.3681,21.900000000000034,71.42000000000007,49.0,83.0,3.86
Bredasdorp,ZA,1613566219,-34.5322,20.0403,27.0,80.6,2.0,44.0,5.14
Minot,US,1613566034,48.2325,-101.2963,-18.329999999999984,-0.9939999999999714,90.0,78.0,1.19
Khanu Woralaksaburi,TH,1613566220,16.0617,99.8606,31.670000000000016,89.00600000000003,47.0,35.0,2.08
Machico,PT,1613566220,32.7,-16.7667,21.0,69.80000000000001,20.0,49.0,5.14
Foxton,NZ,1613566220,-40.4667,175.3,10.560000000000002,51.00800000000001,0.0,80.0,2.24
Cherskiy,RU,1613566221,68.75,161.3,-32.309999999999974,-26.15799999999995,0.0,86.0,0.51
Narsaq,GL,1613566221,60.9167,-46.05,-11.0,12.2,1.0,48.0,2.06
Taltal,CL,1613566221,-25.4,-70.4833,21.189999999999998,70.142,0.0,57.0,1.98
Necochea,AR,1613566221,-38.5473,-58.7368,17.220000000000027,62.99600000000005,71.0,91.0,0.89
Sikasso,ML,1613566221,10.9167,-7.0,37.58000000000004,99.64400000000008,42.0,28.0,2.11
Brae,GB,1613566221,60.3964,-1.353,7.0,44.6,75.0,87.0,12.35
Aktash,RU,1613566222,50.3,87.7333,-9.819999999999993,14.324000000000012,57.0,90.0,2.72
Grand Gaube,MU,1613566222,-20.0064,57.6608,28.890000000000043,84.00200000000008,100.0,77.0,0.89
Ekhabi,RU,1613566222,53.5102,142.9671,-9.159999999999968,15.512000000000057,100.0,96.0,9.17
Kyshtovka,RU,1613566223,56.555,76.6271,-19.419999999999987,-2.9559999999999818,100.0,91.0,4.85
Castro,BR,1613566048,-24.7911,-50.0119,21.670000000000016,71.00600000000003,0.0,66.0,2.31
Date,JP,1613566223,42.4681,140.8681,-3.2099999999999795,26.222000000000037,100.0,92.0,8.48
Itarema,BR,1613566223,-2.9248,-39.9167,26.30000000000001,79.34000000000003,100.0,76.0,3.62
Suntar,RU,1613566224,62.1444,117.6319,-23.869999999999976,-10.965999999999958,100.0,88.0,2.0
Bang Saphan,TH,1613566224,11.2126,99.5117,24.189999999999998,75.542,0.0,87.0,2.41
Mayya,RU,1613566225,61.7333,130.2811,-37.99999999999997,-36.39999999999995,0.0,67.0,2.0
Alofi,NU,1613566225,-19.0595,-169.9187,23.0,73.4,100.0,94.0,0.51
Hofn,IS,1613566225,64.2539,-15.2082,5.0,41.0,75.0,81.0,2.06
Haines Junction,CA,1613566226,60.7522,-137.5108,-28.99999999999997,-20.199999999999953,99.0,76.0,0.51
Wanning,CN,1613566226,18.8003,110.3967,19.310000000000002,66.75800000000001,44.0,85.0,4.48
Bethel,US,1613566226,41.3712,-73.414,-6.0,21.2,1.0,53.0,3.09
Vitim,RU,1613566227,59.4511,112.5578,-15.579999999999984,3.956000000000028,100.0,92.0,1.55
Yichun,CN,1613566227,47.7,128.9,-17.00999999999999,1.3820000000000157,100.0,94.0,2.29
Westport,US,1613566086,41.1415,-73.3579,-4.0,24.8,1.0,54.0,3.6
Ahipara,NZ,1613566227,-35.1667,173.1667,16.400000000000034,61.52000000000007,100.0,78.0,4.56
Bayan,CN,1613566228,46.0833,127.4,-13.769999999999982,7.214000000000031,99.0,94.0,4.37
Hakkâri Province,TR,1613566228,37.5833,44.1667,1.0,33.8,75.0,93.0,7.72
Lorengau,PG,1613566229,-2.0226,147.2712,28.24000000000001,82.83200000000002,100.0,78.0,2.93
Souillac,MU,1613566229,-20.5167,57.5167,29.0,84.2,75.0,79.0,1.54
Coruripe,BR,1613566229,-10.1256,-36.1756,30.29000000000002,86.52200000000005,100.0,57.0,5.63
Sindou,BF,1613566229,10.6667,-5.1667,36.58000000000004,97.84400000000008,67.0,26.0,2.73
Gazojak,TM,1613566229,41.1875,61.4036,20.33000000000004,68.59400000000008,54.0,25.0,5.6
Birobidzhan,RU,1613566230,48.8,132.95,-10.279999999999973,13.496000000000048,100.0,91.0,1.86
Beckley,US,1613566230,37.7782,-81.1882,-7.0,19.4,90.0,85.0,2.06
Pacific Grove,US,1613566071,36.6177,-121.9166,8.330000000000041,46.99400000000007,1.0,87.0,2.06
Iqaluit,CA,1613566230,63.7506,-68.5145,-26.669999999999987,-16.00599999999998,40.0,69.0,1.08
Saint-Pierre,RE,1613566230,-21.3393,55.4781,27.0,80.6,94.0,78.0,1.53
Anjiang,CN,1613566231,27.3194,110.1031,11.550000000000011,52.79000000000002,0.0,65.0,1.08
Port Alberni,CA,1613566231,49.2413,-124.8028,1.1100000000000136,33.998000000000026,0.0,90.0,0.56
Polunochnoye,RU,1613566231,60.8697,60.4153,-23.24999999999997,-9.849999999999952,100.0,88.0,1.5
Husavik,IS,1613566231,66.0449,-17.3389,2.0,35.6,90.0,87.0,6.17
Palāsbāri,IN,1613566231,26.1361,91.5486,21.0,69.80000000000001,75.0,64.0,0.35
Port Lincoln,AU,1613566232,-34.7333,135.8667,24.970000000000027,76.94600000000005,0.0,49.0,5.41
Abū Zabad,SD,1613566232,12.35,29.25,27.03000000000003,80.65400000000005,0.0,18.0,10.17
Grand-Santi,GF,1613566232,4.25,-54.3833,26.220000000000027,79.19600000000005,46.0,67.0,2.1
Hukuntsi,BW,1613566232,-24.0,21.75,30.310000000000002,86.558,97.0,37.0,6.47
Santa Catarina de Tepehuanes,MX,1613565978,25.35,-105.7333,4.2900000000000205,39.72200000000004,0.0,71.0,4.19
Mukhtolovo,RU,1613566233,55.4644,43.1953,-13.629999999999995,7.466000000000008,100.0,94.0,3.25
Sochi,RU,1613566233,43.6,39.7303,4.0,39.2,90.0,75.0,6.0
Lamar,US,1613566233,33.6668,-95.5836,-6.669999999999959,19.99400000000007,90.0,93.0,5.66
Meulaboh,ID,1613566234,4.1363,96.1285,26.920000000000016,80.45600000000003,6.0,78.0,2.16
Ilebo,CD,1613566234,-4.3167,20.5833,35.01000000000005,95.01800000000009,100.0,36.0,1.7
Saint George,US,1613566234,37.1041,-113.5841,2.7800000000000296,37.004000000000055,1.0,69.0,1.36
Matara,LK,1613566235,5.9485,80.5353,26.03000000000003,78.85400000000006,89.0,78.0,1.47
Šibenik,HR,1613566235,43.7272,15.9058,8.890000000000043,48.00200000000008,90.0,76.0,1.03
Marsh Harbour,BS,1613566235,26.5412,-77.0636,23.960000000000036,75.12800000000007,0.0,82.0,7.79
Puerto Nariño,CO,1613566236,-3.7703,-70.3831,24.0,75.2,75.0,100.0,1.54
Los Llanos de Aridane,ES,1613566236,28.6585,-17.9182,22.0,71.6,20.0,53.0,2.06
Praia da Vitória,PT,1613566237,38.7333,-27.0667,15.560000000000002,60.00800000000001,40.0,88.0,9.81
Richards Bay,ZA,1613566237,-28.783,32.0377,24.590000000000032,76.26200000000006,1.0,64.0,4.22
Guiratinga,BR,1613566237,-16.3494,-53.7583,24.390000000000043,75.90200000000007,100.0,83.0,0.87
Murray Bridge,AU,1613566238,-35.1167,139.2667,25.560000000000002,78.00800000000001,0.0,49.0,2.22
La Palma,US,1613566238,33.8464,-118.0467,10.0,50.0,1.0,93.0,1.54
College,US,1613566238,64.8569,-147.8028,-11.109999999999957,12.002000000000077,90.0,78.0,1.41
Zhangaözen,KZ,1613566238,43.3,52.8,5.520000000000039,41.93600000000007,100.0,91.0,5.0
Biu,NG,1613566238,10.6129,12.1946,29.129999999999995,84.434,0.0,17.0,6.33
Bandarbeyla,SO,1613566239,9.4942,50.8122,25.960000000000036,78.72800000000007,79.0,61.0,5.59
Togur,RU,1613566239,58.3631,82.8265,-17.99999999999997,-0.39999999999994884,99.0,92.0,3.56
Barra do Garças,BR,1613566239,-15.89,-52.2567,26.0,78.80000000000001,40.0,78.0,1.46
Sabang,ID,1613566222,5.8933,95.3214,28.120000000000005,82.61600000000001,0.0,74.0,7.33
Mahibadhoo,MV,1613566240,3.7833,72.9667,28.010000000000048,82.41800000000009,99.0,72.0,4.88
Craig,US,1613566240,40.5153,-107.5464,-7.0,19.4,90.0,93.0,0.35
Makkah al Mukarramah,SA,1613566240,21.4267,39.8261,22.950000000000045,73.31000000000009,97.0,55.0,8.23
Tahe,CN,1613566240,52.3333,124.7333,-21.309999999999974,-6.357999999999954,0.0,86.0,1.82
Flagstaff,US,1613566143,35.1981,-111.6513,-5.560000000000002,21.991999999999997,1.0,79.0,2.57
Nhulunbuy,AU,1613566240,-12.2333,136.7667,27.0,80.6,100.0,89.0,2.57
Kyrylivka,UA,1613566241,46.3759,35.3675,-4.0,24.8,0.0,77.0,2.05
Cranbrook,CA,1613566241,49.4999,-115.7688,-12.0,10.399999999999999,75.0,85.0,0.59
Touros,BR,1613566241,-5.1989,-35.4608,30.0,86.0,40.0,62.0,6.17
Batemans Bay,AU,1613566241,-35.7167,150.1833,16.670000000000016,62.00600000000003,69.0,90.0,1.78
São Félix do Xingu,BR,1613566241,-6.6447,-51.995,22.939999999999998,73.292,98.0,92.0,1.02
Kenai,US,1613566241,60.5544,-151.2583,-2.2199999999999704,28.004000000000055,90.0,80.0,10.8
Boende,CD,1613566242,-0.2167,20.8667,30.02000000000004,86.03600000000007,65.0,56.0,1.99
Māngrol,IN,1613566242,21.1167,70.1167,25.33000000000004,77.59400000000008,0.0,55.0,5.47
Juradó,CO,1613566242,7.1053,-77.7641,24.560000000000002,76.208,93.0,84.0,2.08
Lata,PT,1613566242,40.1629,-8.3327,15.560000000000002,60.00800000000001,100.0,91.0,0.89
Puro,PH,1613566243,12.4841,123.3827,25.58000000000004,78.04400000000007,96.0,73.0,7.94
Øksfjord,NO,1613566243,70.2396,22.3479,-4.0,24.8,0.0,80.0,4.12
Banda Aceh,ID,1613566244,5.5577,95.3222,26.53000000000003,79.75400000000005,0.0,75.0,4.9
Saýat,TM,1613566244,38.7839,63.8803,26.0,78.80000000000001,0.0,13.0,6.17
Kibre Mengist,ET,1613566244,5.8833,38.9833,31.100000000000023,87.98000000000005,88.0,18.0,3.41
Cidreira,BR,1613566245,-30.1811,-50.2056,23.900000000000034,75.02000000000007,0.0,65.0,4.92
Grootfontein,NA,1613566245,-19.5667,18.1167,28.450000000000045,83.2100000000001,1.0,27.0,3.57
Mirny,RU,1613566245,62.5353,113.9611,-26.23999999999998,-15.231999999999964,100.0,89.0,2.43
Belyy Yar,RU,1613566246,53.6039,91.3903,3.0,37.4,0.0,70.0,4.0
Kangaatsiaq,GL,1613566246,68.3065,-53.4641,-18.409999999999968,-1.1379999999999413,92.0,94.0,4.44
Ishim,RU,1613566246,56.1128,69.4902,-22.319999999999965,-8.175999999999938,100.0,89.0,3.7
Havelock,US,1613566247,34.8791,-76.9013,5.0,41.0,90.0,75.0,3.6
Colombia,CU,1613566247,20.9881,-77.4297,22.0,71.6,15.0,94.0,2.57
Quthing,LS,1613566247,-30.4,27.7003,26.670000000000016,80.00600000000003,0.0,24.0,5.9
Mitú,CO,1613566248,1.1983,-70.1733,24.260000000000048,75.66800000000009,100.0,92.0,0.98
Bairiki Village,KI,1613566248,1.3292,172.9752,27.04000000000002,80.67200000000004,32.0,82.0,8.66
Stromness,GB,1613566248,58.965,-3.296,6.0,42.8,40.0,81.0,9.26
Rocha,UY,1613566248,-34.4833,-54.3333,21.900000000000034,71.42000000000007,67.0,82.0,5.11
Malakal,SS,1613566249,9.5334,31.6605,36.76000000000005,98.16800000000009,92.0,9.0,4.03
Ocós,GT,1613566249,14.5094,-92.1933,21.0,69.80000000000001,1.0,100.0,2.72
Sassandra,CI,1613566249,4.95,-6.0833,24.460000000000036,76.02800000000008,100.0,89.0,2.5
Dhamrai,BD,1613566249,23.9202,90.2109,24.0,75.2,75.0,57.0,2.99
Karak,JO,1613566249,31.1667,35.75,7.0,44.6,75.0,45.0,12.86
Bac Giang,VN,1613566249,21.2667,106.2,19.0,66.2,82.0,77.0,2.57
Il’inskiy,RU,1613566250,55.619,38.1182,-7.21999999999997,19.004000000000055,40.0,79.0,2.0
Marabba,SD,1613566250,12.35,32.1833,30.410000000000025,86.73800000000006,40.0,14.0,8.77
Santa Rosa,PH,1613566250,14.3122,121.1114,27.0,80.6,20.0,65.0,3.09
Windhoek,NA,1613566250,-22.5594,17.0832,28.890000000000043,84.00200000000008,0.0,20.0,4.63
Leningori,GE,1613566251,42.126,44.4833,1.0,33.8,90.0,93.0,11.32
Sørland,NO,1613566251,67.667,12.6934,1.0,33.8,0.0,64.0,4.63
Troitskoye,RU,1613566251,52.9821,84.6757,-7.0,19.4,100.0,97.0,1.7
Guaymas,MX,1613565976,27.9333,-110.9,10.560000000000002,51.00800000000001,80.0,89.0,1.34
Lapua,FI,1613566252,62.9693,23.0088,-11.669999999999959,10.994000000000074,0.0,75.0,1.45
Buala,SB,1613566252,-8.145,159.5921,27.28000000000003,81.10400000000006,100.0,77.0,0.92
Kunmadaras,HU,1613566252,47.4333,20.8,3.0,37.4,90.0,56.0,2.06
Khodz',RU,1613566253,44.5102,40.7142,-6.949999999999989,19.49000000000002,100.0,96.0,3.91
Jiwani,PK,1613566253,25.05,61.7417,24.260000000000048,75.66800000000009,0.0,56.0,6.0
Ust'-Kulom,RU,1613566253,61.6864,53.6902,-26.569999999999965,-15.825999999999937,85.0,87.0,0.89
Staraya Kulatka,RU,1613566254,52.7167,47.6167,-19.319999999999965,-2.7759999999999394,0.0,90.0,1.9
Waipawa,NZ,1613566254,-41.4122,175.5153,12.0,53.6,0.0,71.0,1.03
Alanya,TR,1613566005,36.5438,31.9998,9.0,48.2,20.0,27.0,11.32
Kemijärvi,FI,1613566254,66.7131,27.4306,-17.379999999999967,0.7160000000000579,0.0,90.0,2.87
Dobryanka,RU,1613566255,58.4619,56.4165,-16.0,3.1999999999999993,0.0,66.0,4.0
Manta,EC,1613565979,-0.95,-80.7333,25.0,77.0,90.0,83.0,1.54
Ovalle,CL,1613565977,-30.5983,-71.2003,19.230000000000018,66.61400000000003,0.0,57.0,0.87
Mbandaka,CD,1613566256,0.0487,18.2603,31.560000000000002,88.808,99.0,44.0,2.72
Kruisfontein,ZA,1613566035,-34.0033,24.7314,31.110000000000014,87.99800000000002,0.0,45.0,3.13
Rocky Mountain House,CA,1613566256,52.3668,-114.9188,-19.99999999999997,-3.9999999999999503,17.0,84.0,1.03
Sterling,US,1613566257,39.0062,-77.4286,-4.0,24.8,75.0,54.0,5.66
Serowe,BW,1613566257,-22.3833,26.7167,28.460000000000036,83.22800000000007,1.0,41.0,2.39
Adrar,MR,1613566257,20.5022,-10.0711,27.400000000000034,81.32000000000006,100.0,15.0,3.19
Luau,AO,1613566258,-10.7073,22.2247,27.360000000000014,81.24800000000002,100.0,58.0,1.6
Tura,IN,1613566258,25.5198,90.2201,20.03000000000003,68.05400000000006,99.0,38.0,0.87
Port Augusta,AU,1613566258,-32.5,137.7667,29.439999999999998,84.99199999999999,40.0,54.0,3.09
Ilinge,ZA,1613566258,-31.9768,27.0427,29.710000000000036,85.47800000000007,0.0,17.0,5.74
Ca Mau,VN,1613566258,9.1769,105.15,23.340000000000032,74.01200000000006,2.0,77.0,4.6
Pouembout,NC,1613566259,-21.1333,164.9,25.77000000000004,78.38600000000008,63.0,88.0,2.11
Dunkirk,FR,1613566118,51.05,2.3667,12.78000000000003,55.004000000000055,100.0,79.0,1.34
São Francisco,BR,1613566259,-15.9486,-44.8644,25.510000000000048,77.91800000000009,100.0,81.0,2.47
Norrköping,SE,1613566259,58.5942,16.1826,1.1100000000000136,33.998000000000026,75.0,74.0,8.23
Pilar,BR,1613566259,-9.5972,-35.9567,29.0,84.2,75.0,70.0,5.66
Paso de Carrasco,UY,1613566260,-34.8603,-56.0522,23.0,73.4,75.0,68.0,5.14
Cherëmukhovo,RU,1613566260,60.3484,59.9851,-23.609999999999985,-10.497999999999976,40.0,86.0,0.85
Whitehorse,CA,1613566260,60.7161,-135.0538,-18.889999999999986,-2.001999999999974,1.0,78.0,3.6
La Ligua,CL,1613566260,-32.4524,-71.2311,12.0,53.6,0.0,94.0,1.38
Kabelvåg,NO,1613566261,68.2114,14.4817,0.0,32.0,0.0,43.0,2.06
San Cristobal,VE,1613566261,7.7669,-72.225,22.0,71.6,75.0,100.0,1.03
Issoire,FR,1613566171,45.55,3.25,15.0,59.0,0.0,38.0,1.54
Isangel,VU,1613566261,-19.55,169.2667,27.620000000000005,81.71600000000001,49.0,82.0,1.57
Vostok,RU,1613566262,46.4856,135.8833,-15.649999999999977,3.830000000000041,100.0,95.0,1.49
Otradnoye,RU,1613566262,59.7775,30.8181,-13.889999999999986,6.998000000000022,75.0,66.0,3.0
Inuvik,CA,1613566263,68.3499,-133.7218,-31.99999999999997,-25.59999999999995,92.0,83.0,0.51
Charlestown,AU,1613566263,-32.95,151.6667,22.220000000000027,71.99600000000005,67.0,79.0,4.67
Lixouri,GR,1613566263,38.2019,20.4314,12.0,53.6,40.0,54.0,1.92
Ballina,AU,1613566263,-28.8667,153.5667,21.0,69.80000000000001,75.0,94.0,9.26
Broken Hill,AU,1613566264,-31.95,141.4333,28.0,82.4,0.0,23.0,5.14
Dicabisagan,PH,1613566264,17.0818,122.4157,22.660000000000025,72.78800000000004,64.0,76.0,4.13
Inhambane,MZ,1613566264,-23.865,35.3833,27.0,80.6,75.0,94.0,9.26
Tsimmerbude,RU,1613566265,54.675,20.1347,-1.669999999999959,28.994000000000074,0.0,64.0,4.0
Yanaul,RU,1613566265,56.2719,54.9309,-22.849999999999966,-9.129999999999939,2.0,90.0,1.53
Pangnirtung,CA,1613566265,66.1451,-65.7125,-26.99999999999997,-16.59999999999995,75.0,76.0,1.54
Trairi,BR,1613566266,-3.2778,-39.2689,24.840000000000032,76.71200000000006,100.0,83.0,1.67
Pampierstad,ZA,1613566266,-27.7832,24.6877,30.30000000000001,86.54000000000002,92.0,34.0,6.3
Tazovsky,RU,1613566266,67.4667,78.7,-30.67999999999998,-23.22399999999996,100.0,87.0,4.02
Tual,ID,1613566267,-5.6667,132.75,28.879999999999995,83.984,96.0,79.0,7.71
Coquimbo,CL,1613566267,-29.9533,-71.3436,17.0,62.6,0.0,77.0,0.51
Koslan,RU,1613566267,63.4564,48.8989,-26.049999999999983,-14.889999999999972,56.0,87.0,0.54
Dhidhdhoo,MV,1613566268,6.8833,73.1,27.600000000000023,81.68000000000004,100.0,64.0,1.76
Garoowe,SO,1613566268,8.4054,48.4845,33.379999999999995,92.084,100.0,16.0,3.89
Marquette,US,1613566033,46.5333,-87.6335,-14.439999999999998,6.008000000000003,1.0,77.0,2.51
Mocuba,MZ,1613566268,-16.8392,36.9856,28.660000000000025,83.58800000000005,100.0,80.0,1.6
Puerto Escondido,MX,1613565979,15.85,-97.0667,20.960000000000036,69.72800000000007,0.0,68.0,2.93
Shingū,JP,1613566269,33.7333,135.9833,0.660000000000025,33.188000000000045,18.0,88.0,6.17
Den Helder,NL,1613566269,52.9599,4.7593,8.890000000000043,48.00200000000008,75.0,87.0,10.8
Camacha,PT,1613566269,33.0833,-16.3333,19.0,66.2,20.0,63.0,4.63
São José da Coroa Grande,BR,1613566269,-8.8978,-35.1478,28.0,82.4,97.0,72.0,5.95
Carballo,ES,1613566269,43.213,-8.691,13.890000000000043,57.00200000000008,100.0,64.0,5.81
Qadirpur Ran,PK,1613566270,30.2924,71.6712,26.0,78.80000000000001,0.0,41.0,1.17
Naryan-Mar,RU,1613566270,67.6713,53.087,-26.309999999999974,-15.357999999999954,100.0,87.0,5.97
Naze,JP,1613566270,28.3667,129.4833,8.710000000000036,47.67800000000007,80.0,76.0,11.97
Taoudenni,ML,1613566270,22.6783,-3.9836,33.400000000000034,92.12000000000006,100.0,13.0,9.09
Seydi,TM,1613566271,39.4816,62.9137,21.30000000000001,70.34000000000003,0.0,22.0,4.38
Port Hedland,AU,1613566271,-20.3167,118.5667,29.0,84.2,0.0,74.0,5.14
Fairbanks,US,1613566226,64.8378,-147.7164,-11.109999999999957,12.002000000000077,90.0,78.0,1.33
Anloga,GH,1613566271,5.7947,0.8973,33.0,91.4,20.0,62.0,3.6
Sur,OM,1613566271,22.5667,59.5289,26.439999999999998,79.592,5.0,36.0,3.97
Hobyo,SO,1613566271,5.3505,48.5268,27.5,81.5,79.0,65.0,6.26
Dandong,CN,1613566272,40.1292,124.3947,-11.409999999999968,11.462000000000057,0.0,85.0,3.77
Morgan City,US,1613566272,29.6994,-91.2068,0.0,32.0,90.0,93.0,6.17
Broome,US,1613566272,42.2506,-75.833,-11.669999999999959,10.994000000000074,1.0,85.0,2.06
Beringovskiy,RU,1613566272,63.05,179.3167,-26.419999999999987,-15.555999999999976,100.0,88.0,5.01
Fethiye,TR,1613566273,36.6217,29.1164,9.0,48.2,20.0,29.0,9.26
Birao,CF,1613566273,10.2849,22.7882,34.06,93.308,100.0,11.0,3.55
Vila do Maio,CV,1613566273,15.1333,-23.2167,27.0,80.6,100.0,47.0,8.75
Mehamn,NO,1613566273,71.0357,27.8492,-3.0,26.6,40.0,80.0,8.23
Dakar,SN,1613566028,14.6937,-17.4441,23.0,73.4,90.0,49.0,2.06
Khandyga,RU,1613566274,62.6667,135.6,-36.23999999999998,-33.23199999999997,0.0,83.0,0.65
Marechal Cândido Rondon,BR,1613566274,-24.5561,-54.0567,24.05000000000001,75.29000000000002,0.0,64.0,1.85
Fortuna,US,1613566275,40.5982,-124.1573,5.0,41.0,1.0,100.0,3.09
Mormugao,IN,1613566275,15.4,73.8,26.200000000000045,79.16000000000008,15.0,73.0,6.56
Anju,KP,1613566275,39.6178,125.6647,-10.70999999999998,12.722000000000037,0.0,76.0,6.69
Onguday,RU,1613566276,50.75,86.15,0.12999999999999545,32.233999999999995,100.0,85.0,2.3
Guangshui,CN,1613566276,31.6199,113.9978,9.600000000000023,49.280000000000044,54.0,49.0,2.83
Tomatlán,MX,1613566276,19.9333,-105.25,13.340000000000032,56.01200000000006,9.0,87.0,1.83
Mariental,NA,1613566277,-24.6333,17.9667,34.59000000000003,94.26200000000006,0.0,11.0,6.67
Grindavik,IS,1613566277,63.8424,-22.4338,2.0,35.6,90.0,100.0,3.09
Valle Hermoso,MX,1613566277,25.6667,-97.8333,1.0,33.8,90.0,93.0,6.17
Saiha,IN,1613566278,22.4833,92.9667,19.08000000000004,66.34400000000008,0.0,29.0,1.07
Yakeshi,CN,1613566278,49.2833,120.7333,-27.849999999999966,-18.12999999999994,0.0,86.0,2.14
Roald,NO,1613566278,62.5833,6.1333,6.0,42.8,75.0,52.0,5.14
Skibbereen,IE,1613566278,51.55,-9.2667,9.0,48.2,75.0,81.0,7.2
Obihiro,JP,1613566278,42.9172,143.2044,-8.919999999999959,15.944000000000074,100.0,90.0,1.86
Batagay,RU,1613566279,67.6333,134.6333,-33.829999999999984,-28.89399999999997,97.0,84.0,0.63
Vavozh,RU,1613566279,56.7751,51.931,-18.74999999999997,-1.7499999999999503,30.0,92.0,2.42
Parksville,CA,1613566279,49.3163,-124.3195,6.0,42.8,0.0,87.0,13.89
Yatou,CN,1613566279,37.15,122.3833,-4.7999999999999545,23.36000000000008,7.0,83.0,7.1
Nishihara,JP,1613566279,26.1842,127.7558,13.0,55.400000000000006,75.0,47.0,9.77
Dinguiraye,GN,1613566279,11.3,-10.7167,32.98000000000002,91.36400000000003,89.0,35.0,2.17
Sakaiminato,JP,1613566280,35.55,133.2333,-2.0,28.4,75.0,86.0,5.66
Kapuskasing,CA,1613566280,49.4169,-82.4331,-20.99999999999997,-5.799999999999947,84.0,77.0,2.06
Kongolo,CD,1613566280,-5.3833,27.0,27.79000000000002,82.02200000000005,100.0,85.0,2.06
Raton,US,1613566280,36.9034,-104.4391,-8.329999999999984,17.00600000000003,1.0,85.0,3.09
Barcelos,PT,1613566229,41.5388,-8.6151,14.0,57.2,90.0,94.0,7.72
Kamaishi,JP,1613566281,39.2667,141.8833,-2.2399999999999523,27.968000000000085,8.0,89.0,7.42
Rancho Palos Verdes,US,1613566281,33.7445,-118.387,13.890000000000043,57.00200000000008,98.0,65.0,1.79
Mīrābād,AF,1613566281,30.4362,61.8383,24.410000000000025,75.93800000000005,0.0,14.0,2.92
Port Macquarie,AU,1613566281,-31.4333,152.9167,18.33000000000004,64.99400000000009,70.0,97.0,5.23
Praia,CV,1613566058,14.9215,-23.5087,27.0,80.6,100.0,47.0,8.75
Syracuse,IT,1613566282,37.0881,15.2792,15.0,59.0,0.0,38.0,4.12
Peruíbe,BR,1613566282,-24.32,-46.9983,28.52000000000004,83.33600000000007,91.0,61.0,1.47
Brčko,BA,1613566282,44.8728,18.8083,8.0,46.4,75.0,49.0,1.54
Pak Phanang,TH,1613566282,8.3511,100.202,29.0,84.2,20.0,65.0,2.57
Nadym,RU,1613566282,65.5333,72.5167,-30.269999999999982,-22.48599999999997,98.0,86.0,5.1
Abhā,SA,1613566283,18.2164,42.5053,23.0,73.4,20.0,21.0,9.26
Makungu,TZ,1613566283,-8.7333,35.2833,25.32000000000005,77.57600000000009,100.0,73.0,1.06
Tacarigua,VE,1613566284,10.0862,-67.9198,23.210000000000036,73.77800000000008,100.0,70.0,1.88
Constitución,CL,1613566256,-35.3333,-72.4167,14.689999999999998,58.44199999999999,53.0,68.0,0.34
Umluj,SA,1613566285,25.0213,37.2685,17.629999999999995,63.733999999999995,100.0,59.0,10.12
Leningradskiy,RU,1613566285,69.3833,178.4167,-30.169999999999987,-22.305999999999976,59.0,86.0,1.59
Marsabit,KE,1613566285,2.3284,37.9899,28.360000000000014,83.04800000000003,100.0,37.0,7.78
Patterson,US,1613566255,37.4716,-121.1297,8.890000000000043,48.00200000000008,1.0,71.0,5.66
Todos Santos,MX,1613566286,23.45,-110.2167,16.110000000000014,60.998000000000026,91.0,80.0,1.79
Uglegorsk,RU,1613566286,49.0833,142.0333,-4.579999999999984,23.75600000000003,85.0,94.0,10.31
Nizhniy Tsasuchey,RU,1613566286,50.5167,115.1333,-20.299999999999983,-4.539999999999971,33.0,89.0,3.55
Honningsvåg,NO,1613566287,70.9821,25.9704,-3.0,26.6,40.0,80.0,8.23
Panguna,PG,1613566287,-6.3164,155.4848,21.189999999999998,70.142,100.0,98.0,0.74
Korem,ET,1613566287,12.5058,39.5228,19.260000000000048,66.66800000000009,100.0,32.0,1.97
Ngama,TD,1613566288,11.7833,17.1667,28.79000000000002,83.82200000000003,0.0,14.0,8.56
Oriximiná,BR,1613566288,-1.7656,-55.8661,27.400000000000034,81.32000000000006,30.0,68.0,2.45
Pļaviņas,LV,1613566288,56.6178,25.7255,-10.359999999999957,13.352000000000078,28.0,94.0,2.42
Sorong,ID,1613566288,-0.8833,131.25,27.939999999999998,82.292,42.0,78.0,2.12
Kasongo-Lunda,CD,1613566288,-6.4667,16.8167,32.02000000000004,89.63600000000008,88.0,51.0,1.32
Rolante,BR,1613566289,-29.6506,-50.5758,24.439999999999998,75.99199999999999,0.0,81.0,3.23
Yangi Marg`ilon,UZ,1613566289,40.4272,71.7189,17.0,62.6,0.0,25.0,2.06
Linxia Chengguanzhen,CN,1613566289,35.6003,103.2064,1.6200000000000045,34.91600000000001,91.0,68.0,0.85
Half Moon Bay,US,1613566289,37.4636,-122.4286,8.330000000000041,46.99400000000007,40.0,93.0,1.69
Troitskiy,RU,1613566290,57.0603,63.7481,-17.889999999999986,-0.20199999999997686,100.0,91.0,2.74
Estelle,US,1613566063,29.8458,-90.1067,1.1100000000000136,33.998000000000026,90.0,93.0,4.12
Doha,QA,1613566290,25.2867,51.5333,25.560000000000002,78.00800000000001,0.0,53.0,3.6
Kumul,CN,1613566155,42.8,93.45,3.730000000000018,38.714000000000034,0.0,65.0,1.71
Lokosovo,RU,1613566290,61.1333,74.8167,-29.049999999999983,-20.28999999999997,100.0,86.0,3.51
Charagua,BO,1613566290,-19.8,-63.2167,20.0,68.0,90.0,94.0,2.51
Riyadh,SA,1613566167,24.6877,46.7219,31.0,87.80000000000001,0.0,9.0,8.75
Rameswaram,IN,1613566291,9.2833,79.3,26.07000000000005,78.9260000000001,0.0,77.0,8.97
Coaticook,CA,1613566291,45.1334,-71.7991,-15.0,5.0,99.0,72.0,3.09
Ust'-Ishim,RU,1613566291,57.6935,71.1665,-22.70999999999998,-8.877999999999965,100.0,89.0,2.94
